fecha,isla,adr_eur,revpar_eur,grado_ocupacion
2009-01-01,El Hierro,56.55,8.38,0.1481874447391689
2009-02-01,El Hierro,58.57,10.26,0.17517500426839677
2009-03-01,El Hierro,60.87,11.75,0.19303433546903237
2009-04-01,El Hierro,66.49,21.12,0.3176417506391939
2009-05-01,El Hierro,67.4,14.48,0.21483679525222552
2009-06-01,El Hierro,66.82,17.95,0.26863214606405267
2009-07-01,El Hierro,63.51,42.42,0.6679263108171942
2009-08-01,El Hierro,68.64,36.1,0.5259324009324009
2009-09-01,El Hierro,67.71,25.61,0.3782306897060996
2009-10-01,El Hierro,58.97,31.45,0.5333220281499067
2009-11-01,El Hierro,56.06,30.67,0.5470924009989298
2009-12-01,El Hierro,58.77,14.05,0.23906755147183936
2010-01-01,El Hierro,61.07,15.15,0.2480759783854593
2010-02-01,El Hierro,58.51,14.84,0.25363185780208514
2010-03-01,El Hierro,56.82,22.77,0.4007391763463569
2010-04-01,El Hierro,55.96,17.73,0.31683345246604716
2010-05-01,El Hierro,57.12,12.16,0.21288515406162467
2010-06-01,El Hierro,54.3,16.48,0.30349907918968694
2010-07-01,El Hierro,59.96,18.27,0.3047031354236157
2010-08-01,El Hierro,59.71,32.87,0.5504940545972199
2010-09-01,El Hierro,58.67,25.46,0.4339526163286177
2010-10-01,El Hierro,56.86,22.56,0.3967639817094618
2010-11-01,El Hierro,54.87,17.89,0.32604337525059235
2010-12-01,El Hierro,62.03,21.8,0.3514428502337579
2011-01-01,El Hierro,63.69,18.26,0.28670120898100176
2011-02-01,El Hierro,57.5,23.58,0.4100869565217391
2011-03-01,El Hierro,61.94,29.52,0.4765902486277042
2011-04-01,El Hierro,60.53,20.86,0.344622501239055
2011-05-01,El Hierro,58.34,18.0,0.30853616729516625
2011-06-01,El Hierro,58.66,16.45,0.28042959427207637
2011-07-01,El Hierro,58.2,24.69,0.42422680412371133
2011-08-01,El Hierro,67.7,41.86,0.6183161004431315
2011-09-01,El Hierro,62.75,25.09,0.3998406374501992
2011-10-01,El Hierro,66.85,25.34,0.3790575916230367
2011-11-01,El Hierro,60.52,18.02,0.297752808988764
2011-12-01,El Hierro,53.33,16.38,0.30714419651228203
2012-01-01,El Hierro,48.49,15.49,0.3194473087234481
2012-02-01,El Hierro,59.32,21.36,0.3600809170600135
2012-03-01,El Hierro,56.34,24.36,0.4323748668796592
2012-04-01,El Hierro,56.17,22.09,0.3932704290546555
2012-05-01,El Hierro,56.13,16.96,0.3021557099590237
2012-06-01,El Hierro,60.04,19.31,0.3216189207195203
2012-07-01,El Hierro,72.09,14.95,0.20737966430850324
2012-08-01,El Hierro,66.42,22.3,0.335742246311352
2012-09-01,El Hierro,67.07,14.04,0.20933353213060982
2012-10-01,El Hierro,49.68,17.9,0.3603059581320451
2012-11-01,El Hierro,65.27,15.16,0.23226597211582659
2012-12-01,El Hierro,70.54,17.11,0.24255741423305924
2013-01-01,El Hierro,55.01,13.11,0.23832030539901836
2013-02-01,El Hierro,54.23,21.91,0.4040199151761018
2013-03-01,El Hierro,66.47,23.86,0.35895892884007824
2013-04-01,El Hierro,52.95,9.32,0.17601510859301228
2013-05-01,El Hierro,51.7,11.18,0.216247582205029
2013-06-01,El Hierro,51.92,14.09,0.27137904468412943
2013-07-01,El Hierro,60.58,22.3,0.3681082865632222
2013-08-01,El Hierro,60.12,22.43,0.37308715901530276
2013-09-01,El Hierro,60.21,16.29,0.27055306427503734
2013-10-01,El Hierro,59.41,22.18,0.37333782191550247
2013-11-01,El Hierro,54.84,18.71,0.3411743253099927
2013-12-01,El Hierro,54.41,18.72,0.34405440176438157
2014-01-01,El Hierro,53.74,18.5,0.3442500930405657
2014-02-01,El Hierro,51.92,23.25,0.44780431432973805
2014-03-01,El Hierro,55.66,19.22,0.34531081566654687
2014-04-01,El Hierro,60.15,16.56,0.2753117206982543
2014-05-01,El Hierro,62.31,16.86,0.2705825710158883
2014-06-01,El Hierro,56.78,20.53,0.3615709756956675
2014-07-01,El Hierro,59.06,25.06,0.42431425668811373
2014-08-01,El Hierro,66.15,35.6,0.5381708238851096
2014-09-01,El Hierro,62.88,22.26,0.35400763358778625
2014-10-01,El Hierro,54.88,20.04,0.36516034985422735
2014-11-01,El Hierro,55.45,26.66,0.48079350766456264
2014-12-01,El Hierro,53.67,17.33,0.32289919880752743
2015-01-01,El Hierro,54.81,18.41,0.3358876117496807
2015-02-01,El Hierro,53.1,17.66,0.33258003766478345
2015-03-01,El Hierro,57.0,19.57,0.3433333333333333
2015-04-01,El Hierro,54.75,16.05,0.29315068493150687
2015-05-01,El Hierro,57.39,13.89,0.24202822791427078
2015-06-01,El Hierro,54.64,10.32,0.18887262079062958
2015-07-01,El Hierro,58.24,17.04,0.29258241758241754
2015-08-01,El Hierro,66.74,36.47,0.5464489062031765
2015-09-01,El Hierro,62.15,22.06,0.35494770716009655
2015-10-01,El Hierro,60.92,20.25,0.332403151674327
2015-11-01,El Hierro,58.08,21.35,0.3675964187327824
2015-12-01,El Hierro,65.19,23.72,0.3638594876514803
2016-01-01,El Hierro,58.93,24.73,0.41965043271678265
2016-02-01,El Hierro,55.76,22.16,0.3974175035868006
2016-03-01,El Hierro,62.34,28.55,0.457972409367982
2016-04-01,El Hierro,56.86,15.44,0.27154414351037637
2016-05-01,El Hierro,56.98,19.42,0.34082134082134086
2016-06-01,El Hierro,58.4,17.93,0.3070205479452055
2016-07-01,El Hierro,60.34,25.05,0.4151474975140868
2016-08-01,El Hierro,66.76,38.88,0.5823846614739365
2016-09-01,El Hierro,59.23,26.68,0.45044740840790143
2016-10-01,El Hierro,57.17,25.66,0.44883680251880353
2016-11-01,El Hierro,56.04,25.27,0.4509279086366881
2016-12-01,El Hierro,61.92,21.17,0.34189276485788117
2017-01-01,El Hierro,62.13,25.38,0.4084983099951714
2017-02-01,El Hierro,59.8,27.23,0.4553511705685619
2017-03-01,El Hierro,57.4,25.94,0.45191637630662024
2017-04-01,El Hierro,58.39,24.12,0.41308443226579894
2017-05-01,El Hierro,55.9,20.86,0.37316636851520574
2017-06-01,El Hierro,60.52,20.85,0.3445142101784534
2017-07-01,El Hierro,62.85,36.3,0.5775656324582338
2017-08-01,El Hierro,71.31,49.68,0.6966764829617165
2017-09-01,El Hierro,61.71,37.19,0.6026575919624048
2017-10-01,El Hierro,61.53,30.79,0.5004063058670567
2017-11-01,El Hierro,63.81,31.54,0.49427989343363105
2017-12-01,El Hierro,70.47,31.74,0.4504044274159216
2018-01-01,El Hierro,63.09,31.8,0.5040418449833571
2018-02-01,El Hierro,64.28,39.97,0.6218108276291225
2018-03-01,El Hierro,66.87,36.91,0.5519665021683864
2018-04-01,El Hierro,60.3,28.31,0.46948590381426203
2018-05-01,El Hierro,56.36,26.41,0.4685947480482612
2018-06-01,El Hierro,57.22,28.33,0.4951066060817896
2018-07-01,El Hierro,61.09,36.81,0.6025536094287117
2018-08-01,El Hierro,72.99,55.46,0.7598301137142075
2018-09-01,El Hierro,59.42,35.66,0.6001346348030965
2018-10-01,El Hierro,61.72,31.98,0.518146467919637
2018-11-01,El Hierro,62.37,37.42,0.5999679333012666
2018-12-01,El Hierro,66.72,30.46,0.45653477218225424
2019-01-01,El Hierro,60.89,33.3,0.5468878305140417
2019-02-01,El Hierro,62.27,34.96,0.5614260478561105
2019-03-01,El Hierro,62.96,36.55,0.5805273189326556
2019-04-01,El Hierro,63.96,28.92,0.45215759849906195
2019-05-01,El Hierro,55.84,24.51,0.438932664756447
2019-06-01,El Hierro,56.31,25.19,0.4473450541644468
2019-07-01,El Hierro,65.34,38.49,0.5890725436179982
2019-08-01,El Hierro,74.73,56.47,0.7556536866051117
2019-09-01,El Hierro,64.67,42.3,0.6540899953610638
2019-10-01,El Hierro,64.46,40.75,0.6321749922432517
2019-11-01,El Hierro,62.12,43.17,0.6949452672247264
2019-12-01,El Hierro,70.31,35.59,0.5061868866448586
2020-01-01,El Hierro,70.73,41.4,0.5853244733493567
2020-02-01,El Hierro,65.83,43.96,0.6677806471213733
2020-03-01,El Hierro,61.11,19.3,0.31582392407134674
2020-07-01,El Hierro,71.3,52.93,0.7423562412342216
2020-08-01,El Hierro,84.92,68.42,0.805699481865285
2020-09-01,El Hierro,70.88,45.31,0.6392494356659143
2020-10-01,El Hierro,63.69,39.2,0.6154812372428954
2020-11-01,El Hierro,59.81,28.84,0.4821936131081759
2020-12-01,El Hierro,65.73,26.2,0.3986003347025711
2021-01-01,El Hierro,72.27,18.34,0.25377058253770585
2021-02-01,El Hierro,58.71,16.9,0.28785556123318
2021-03-01,El Hierro,72.33,32.29,0.4464261025853726
2021-04-01,El Hierro,72.09,26.18,0.36315716465529196
2021-05-01,El Hierro,70.71,35.45,0.5013435157686326
2021-06-01,El Hierro,71.35,45.17,0.6330763840224247
2021-07-01,El Hierro,89.92,66.2,0.7362099644128114
2021-08-01,El Hierro,102.93,80.85,0.785485281259108
2021-09-01,El Hierro,83.17,67.14,0.8072622339785981
2021-10-01,El Hierro,98.59,64.75,0.6567603205193224
2021-11-01,El Hierro,92.2,57.76,0.62646420824295
2021-12-01,El Hierro,75.13,42.49,0.5655530413949156
2022-01-01,El Hierro,96.97,46.1,0.4754047643601114
2022-02-01,El Hierro,78.99,42.41,0.5369034054943663
2022-03-01,El Hierro,87.83,49.83,0.5673460093362177
2022-04-01,El Hierro,86.05,42.96,0.4992446252178966
2022-05-01,El Hierro,79.87,39.88,0.49931138099411543
2022-06-01,El Hierro,74.75,37.69,0.5042140468227424
2022-07-01,El Hierro,84.14,50.7,0.6025671499881151
2022-08-01,El Hierro,94.21,69.31,0.7356968474684217
2022-09-01,El Hierro,74.78,46.76,0.6253008825889275
2022-10-01,El Hierro,76.28,45.06,0.5907184058730991
2022-11-01,El Hierro,80.8,52.92,0.654950495049505
2022-12-01,El Hierro,91.17,43.52,0.4773500054842602
2023-01-01,El Hierro,87.62,36.29,0.41417484592558773
2023-02-01,El Hierro,62.05,35.12,0.5659951651893634
2023-03-01,El Hierro,51.55,28.22,0.5474296799224054
2023-04-01,El Hierro,57.24,32.79,0.5728511530398323
2023-05-01,El Hierro,72.19,26.27,0.363900817287713
2023-06-01,El Hierro,67.47,30.15,0.4468652734548688
2023-07-01,El Hierro,79.33,44.71,0.5635951090381949
2023-08-01,El Hierro,87.5,54.94,0.6278857142857143
2023-09-01,El Hierro,81.89,51.03,0.6231530101355477
2023-10-01,El Hierro,69.13,40.01,0.5787646463185303
2023-11-01,El Hierro,72.31,46.2,0.6389157792836399
2023-12-01,El Hierro,72.85,35.78,0.49114619080301997
2024-01-01,El Hierro,79.44,37.9,0.4770896273917422
2024-02-01,El Hierro,83.6,43.8,0.5239234449760766
2024-03-01,El Hierro,74.9,47.54,0.634712950600801
2024-04-01,El Hierro,77.31,38.36,0.4961841935066615
2024-05-01,El Hierro,72.82,33.46,0.4594891513320517
2024-06-01,El Hierro,76.88,31.82,0.41389177939646205
2024-07-01,El Hierro,76.28,44.25,0.5800996329313057
2024-08-01,El Hierro,90.7,60.24,0.664167585446527
2024-09-01,El Hierro,85.26,52.66,0.6176401595120806
2024-10-01,El Hierro,77.25,50.5,0.6537216828478964
2024-11-01,El Hierro,84.53,56.0,0.6624866911155802
2024-12-01,El Hierro,88.82,41.99,0.4727538842603018
2025-01-01,El Hierro,91.31,54.57,0.5976344321542
2025-02-01,El Hierro,91.54,51.51,0.5627048284902774
2025-03-01,El Hierro,93.53,55.77,0.5962792686838447
2025-04-01,El Hierro,90.44,55.45,0.6131136665192394
2025-05-01,El Hierro,87.69,40.2,0.4584331166609648
2025-06-01,El Hierro,78.84,40.71,0.5163622526636226
2025-07-01,El Hierro,102.14,55.59,0.5442529860975133
2025-08-01,El Hierro,102.62,81.64,0.7955564217501462
2025-09-01,El Hierro,82.74,61.14,0.7389412617839014
2025-10-01,El Hierro,92.82,48.49,0.5224089635854342
2025-11-01,El Hierro,91.57,63.06,0.6886534891339959
2025-12-01,El Hierro,91.93,48.75,0.5302947895137604
2026-01-01,El Hierro,94.64,58.51,0.6182375316990701
2009-01-01,Fuerteventura,64.37,43.74,0.6795090880845114
2009-02-01,Fuerteventura,68.1,38.55,0.566079295154185
2009-03-01,Fuerteventura,66.08,49.2,0.7445520581113803
2009-04-01,Fuerteventura,72.53,48.32,0.6662070867227354
2009-05-01,Fuerteventura,61.76,38.1,0.6169041450777203
2009-06-01,Fuerteventura,63.18,43.88,0.6945235834124723
2009-07-01,Fuerteventura,68.87,53.13,0.7714534630463191
2009-08-01,Fuerteventura,82.26,67.79,0.8240943350352541
2009-09-01,Fuerteventura,66.78,50.99,0.7635519616651693
2009-10-01,Fuerteventura,65.59,44.45,0.6776947705442903
2009-11-01,Fuerteventura,66.85,47.25,0.7068062827225131
2009-12-01,Fuerteventura,71.41,43.3,0.6063576529897773
2010-01-01,Fuerteventura,63.65,41.22,0.647604084838963
2010-02-01,Fuerteventura,59.81,35.97,0.6014044474168199
2010-03-01,Fuerteventura,63.4,43.83,0.6913249211356467
2010-04-01,Fuerteventura,58.52,37.16,0.6349965823650033
2010-05-01,Fuerteventura,61.24,38.16,0.6231221423905943
2010-06-01,Fuerteventura,57.08,41.28,0.7231955150665733
2010-07-01,Fuerteventura,62.38,49.92,0.8002564924655338
2010-08-01,Fuerteventura,68.42,59.96,0.8763519438760596
2010-09-01,Fuerteventura,64.61,53.65,0.8303668162823092
2010-10-01,Fuerteventura,63.37,48.97,0.7727631371311346
2010-11-01,Fuerteventura,60.71,48.73,0.8026684236534343
2010-12-01,Fuerteventura,68.38,42.98,0.6285463585843813
2011-01-01,Fuerteventura,62.86,47.1,0.7492841234489341
2011-02-01,Fuerteventura,63.78,54.71,0.8577924114142365
2011-03-01,Fuerteventura,64.88,59.87,0.9227805178791616
2011-04-01,Fuerteventura,66.4,54.63,0.8227409638554216
2011-05-01,Fuerteventura,62.79,41.64,0.6631629240324892
2011-06-01,Fuerteventura,61.01,47.86,0.7844615636780856
2011-07-01,Fuerteventura,65.34,63.24,0.9678604224058769
2011-08-01,Fuerteventura,73.4,68.03,0.9268392370572206
2011-09-01,Fuerteventura,67.66,57.95,0.8564883239728053
2011-10-01,Fuerteventura,68.02,53.61,0.7881505439576596
2011-11-01,Fuerteventura,65.13,55.81,0.8569015814524797
2011-12-01,Fuerteventura,68.02,46.02,0.6765657159658924
2012-01-01,Fuerteventura,65.8,50.33,0.7648936170212766
2012-02-01,Fuerteventura,68.17,52.51,0.7702801818981957
2012-03-01,Fuerteventura,67.22,55.41,0.8243082415947635
2012-04-01,Fuerteventura,69.08,50.06,0.7246670526925304
2012-05-01,Fuerteventura,60.36,38.34,0.6351888667992048
2012-06-01,Fuerteventura,67.76,44.78,0.66086186540732
2012-07-01,Fuerteventura,73.82,54.08,0.7325927932809537
2012-08-01,Fuerteventura,76.82,55.94,0.7281957823483468
2012-09-01,Fuerteventura,66.25,52.46,0.7918490566037736
2012-10-01,Fuerteventura,73.97,55.69,0.7528727862647019
2012-11-01,Fuerteventura,70.46,54.23,0.7696565427192734
2012-12-01,Fuerteventura,68.89,46.54,0.6755697488750181
2013-01-01,Fuerteventura,67.76,48.82,0.7204840613931522
2013-02-01,Fuerteventura,66.99,48.65,0.7262277951933125
2013-03-01,Fuerteventura,68.85,51.15,0.7429193899782135
2013-04-01,Fuerteventura,66.89,44.57,0.6663178352519061
2013-05-01,Fuerteventura,63.54,41.55,0.653918791312559
2013-06-01,Fuerteventura,61.35,41.97,0.6841075794621027
2013-07-01,Fuerteventura,64.62,47.32,0.7322810275456515
2013-08-01,Fuerteventura,78.92,67.54,0.8558033451596554
2013-09-01,Fuerteventura,71.73,60.86,0.8484595009061758
2013-10-01,Fuerteventura,76.2,60.23,0.7904199475065616
2013-11-01,Fuerteventura,70.69,58.72,0.8306691186872259
2013-12-01,Fuerteventura,72.23,53.95,0.7469195625086529
2014-01-01,Fuerteventura,66.02,52.67,0.7977885489245684
2014-02-01,Fuerteventura,65.56,49.87,0.7606772422208663
2014-03-01,Fuerteventura,67.92,54.42,0.8012367491166078
2014-04-01,Fuerteventura,69.8,52.21,0.7479942693409742
2014-05-01,Fuerteventura,65.52,46.04,0.7026862026862027
2014-06-01,Fuerteventura,66.0,51.05,0.7734848484848484
2014-07-01,Fuerteventura,74.87,60.98,0.8144784292774141
2014-08-01,Fuerteventura,79.24,72.07,0.9095153962645128
2014-09-01,Fuerteventura,71.52,64.79,0.9059004474272933
2014-10-01,Fuerteventura,77.31,63.54,0.8218859138533178
2014-11-01,Fuerteventura,71.3,57.73,0.8096774193548387
2014-12-01,Fuerteventura,85.64,62.67,0.7317842129845866
2015-01-01,Fuerteventura,68.82,51.93,0.7545771578029643
2015-02-01,Fuerteventura,70.18,54.0,0.7694499857509262
2015-03-01,Fuerteventura,78.05,62.28,0.7979500320307495
2015-04-01,Fuerteventura,74.48,55.67,0.7474489795918368
2015-05-01,Fuerteventura,70.36,50.95,0.7241330301307561
2015-06-01,Fuerteventura,69.29,56.19,0.8109395295136382
2015-07-01,Fuerteventura,78.86,67.61,0.8573421252853157
2015-08-01,Fuerteventura,89.07,81.83,0.9187156169305042
2015-09-01,Fuerteventura,82.32,71.81,0.8723275024295434
2015-10-01,Fuerteventura,82.67,73.58,0.8900447562598282
2015-11-01,Fuerteventura,80.38,70.34,0.8750933067927346
2015-12-01,Fuerteventura,83.75,64.4,0.7689552238805971
2016-01-01,Fuerteventura,78.2,60.82,0.7777493606138107
2016-02-01,Fuerteventura,79.74,64.15,0.8044895911713069
2016-03-01,Fuerteventura,86.34,74.42,0.861941162844568
2016-04-01,Fuerteventura,78.66,65.02,0.8265954741927282
2016-05-01,Fuerteventura,73.13,58.61,0.8014494735402707
2016-06-01,Fuerteventura,77.52,67.07,0.8651960784313725
2016-07-01,Fuerteventura,87.38,77.43,0.886129549095903
2016-08-01,Fuerteventura,96.73,88.2,0.9118163961542438
2016-09-01,Fuerteventura,86.12,80.53,0.9350905712958661
2016-10-01,Fuerteventura,85.89,77.57,0.9031319129118639
2016-11-01,Fuerteventura,85.0,77.43,0.9109411764705884
2016-12-01,Fuerteventura,90.11,69.05,0.7662856508711574
2017-01-01,Fuerteventura,80.58,66.99,0.8313477289650036
2017-02-01,Fuerteventura,83.72,66.75,0.7973005255613952
2017-03-01,Fuerteventura,87.87,76.95,0.8757255035848412
2017-04-01,Fuerteventura,88.29,72.52,0.8213840752067051
2017-05-01,Fuerteventura,81.69,65.8,0.805484147386461
2017-06-01,Fuerteventura,84.05,71.82,0.8544913741820345
2017-07-01,Fuerteventura,93.62,80.61,0.8610339671010467
2017-08-01,Fuerteventura,104.72,93.66,0.8943850267379679
2017-09-01,Fuerteventura,92.41,86.59,0.9370198030516179
2017-10-01,Fuerteventura,95.26,85.38,0.8962838547134159
2017-11-01,Fuerteventura,93.24,85.92,0.9214929214929216
2017-12-01,Fuerteventura,97.01,78.95,0.8138336253994434
2018-01-01,Fuerteventura,87.37,73.74,0.8439967952386401
2018-02-01,Fuerteventura,89.37,75.53,0.8451381895490656
2018-03-01,Fuerteventura,91.76,81.25,0.885462074978204
2018-04-01,Fuerteventura,87.77,70.43,0.8024381907257606
2018-05-01,Fuerteventura,79.77,61.41,0.7698382850695751
2018-06-01,Fuerteventura,82.59,71.03,0.8600314808088146
2018-07-01,Fuerteventura,99.61,79.03,0.7933942375263527
2018-08-01,Fuerteventura,99.68,88.39,0.8867375601926163
2018-09-01,Fuerteventura,93.66,83.66,0.8932308349348708
2018-10-01,Fuerteventura,95.06,79.34,0.834630759520303
2018-11-01,Fuerteventura,92.88,74.38,0.8008182601205857
2018-12-01,Fuerteventura,90.66,61.33,0.6764835649680123
2019-01-01,Fuerteventura,87.47,60.8,0.6950954613010175
2019-02-01,Fuerteventura,84.55,55.98,0.6620934358367829
2019-03-01,Fuerteventura,91.58,69.51,0.7590085171434812
2019-04-01,Fuerteventura,86.47,60.97,0.7051000346941135
2019-05-01,Fuerteventura,79.23,51.89,0.6549286886280449
2019-06-01,Fuerteventura,79.88,58.4,0.7310966449674512
2019-07-01,Fuerteventura,90.47,66.23,0.7320658781916658
2019-08-01,Fuerteventura,101.98,78.61,0.7708374191017846
2019-09-01,Fuerteventura,90.93,74.2,0.8160123171670516
2019-10-01,Fuerteventura,92.65,68.24,0.7365353480841877
2019-11-01,Fuerteventura,94.53,72.11,0.7628266158891357
2019-12-01,Fuerteventura,96.85,69.69,0.7195663397005679
2020-01-01,Fuerteventura,83.6,60.36,0.7220095693779904
2020-02-01,Fuerteventura,86.96,65.37,0.7517249310027599
2020-03-01,Fuerteventura,81.66,33.82,0.414156257653686
2020-07-01,Fuerteventura,89.34,34.82,0.3897470338034475
2020-08-01,Fuerteventura,101.83,51.96,0.5102622017087303
2020-09-01,Fuerteventura,94.22,21.07,0.2236255572065379
2020-10-01,Fuerteventura,84.01,16.29,0.19390548744197117
2020-11-01,Fuerteventura,77.45,27.94,0.36074887023886376
2020-12-01,Fuerteventura,106.31,36.77,0.3458752704355188
2021-01-01,Fuerteventura,75.29,17.35,0.23044228981272413
2021-02-01,Fuerteventura,95.77,30.7,0.32055967421948417
2021-03-01,Fuerteventura,95.91,33.62,0.35053696173495985
2021-04-01,Fuerteventura,103.67,37.07,0.35757692678692005
2021-05-01,Fuerteventura,92.3,40.96,0.4437703141928494
2021-06-01,Fuerteventura,87.22,33.58,0.3850034395780784
2021-07-01,Fuerteventura,91.67,52.28,0.5703065343078434
2021-08-01,Fuerteventura,99.54,72.02,0.7235282298573437
2021-09-01,Fuerteventura,94.47,68.88,0.7291203556684661
2021-10-01,Fuerteventura,99.46,76.03,0.7644279107178766
2021-11-01,Fuerteventura,99.91,80.39,0.804624161745571
2021-12-01,Fuerteventura,106.26,66.15,0.6225296442687748
2022-01-01,Fuerteventura,87.82,43.45,0.49476201320883634
2022-02-01,Fuerteventura,88.58,54.49,0.615150146759991
2022-03-01,Fuerteventura,94.54,75.38,0.7973344616035539
2022-04-01,Fuerteventura,95.41,68.28,0.7156482548999057
2022-05-01,Fuerteventura,84.35,54.03,0.6405453467694132
2022-06-01,Fuerteventura,90.82,63.12,0.6950011010790575
2022-07-01,Fuerteventura,103.39,80.22,0.7758970886932972
2022-08-01,Fuerteventura,108.93,92.39,0.8481593684017258
2022-09-01,Fuerteventura,97.02,82.97,0.8551844980416409
2022-10-01,Fuerteventura,99.52,73.9,0.7425643086816721
2022-11-01,Fuerteventura,103.42,80.85,0.7817636820730999
2022-12-01,Fuerteventura,108.1,78.76,0.7285846438482887
2023-01-01,Fuerteventura,96.9,72.9,0.7523219814241486
2023-02-01,Fuerteventura,96.26,73.93,0.7680241013920632
2023-03-01,Fuerteventura,100.71,82.41,0.8182901400059577
2023-04-01,Fuerteventura,101.66,71.86,0.706866024001574
2023-05-01,Fuerteventura,90.78,60.87,0.670522141440846
2023-06-01,Fuerteventura,95.41,68.88,0.7219369038884813
2023-07-01,Fuerteventura,112.63,82.38,0.7314214685252597
2023-08-01,Fuerteventura,120.91,96.56,0.7986105367628815
2023-09-01,Fuerteventura,107.17,92.46,0.8627414388354949
2023-10-01,Fuerteventura,115.52,90.4,0.7825484764542937
2023-11-01,Fuerteventura,109.25,94.14,0.8616933638443935
2023-12-01,Fuerteventura,116.24,91.64,0.7883688919476944
2024-01-01,Fuerteventura,100.02,81.08,0.8106378724255149
2024-02-01,Fuerteventura,107.5,92.98,0.8649302325581396
2024-03-01,Fuerteventura,115.44,101.05,0.8753465003465003
2024-04-01,Fuerteventura,103.07,76.94,0.746482972736975
2024-05-01,Fuerteventura,95.65,67.92,0.7100888656560376
2024-06-01,Fuerteventura,98.44,75.88,0.7708248679398618
2024-07-01,Fuerteventura,115.09,90.29,0.784516465374924
2024-08-01,Fuerteventura,124.32,104.9,0.8437902187902189
2024-09-01,Fuerteventura,112.71,101.04,0.8964599414426405
2024-10-01,Fuerteventura,121.13,100.67,0.8310905638570132
2024-11-01,Fuerteventura,117.5,106.09,0.9028936170212766
2024-12-01,Fuerteventura,122.03,102.39,0.8390559698434811
2025-01-01,Fuerteventura,113.33,97.81,0.8630547957292862
2025-02-01,Fuerteventura,114.44,101.73,0.8889374344634744
2025-03-01,Fuerteventura,117.99,106.86,0.9056699720315281
2025-04-01,Fuerteventura,118.45,91.52,0.772646686365555
2025-05-01,Fuerteventura,98.75,69.39,0.7026835443037974
2025-06-01,Fuerteventura,104.29,83.09,0.7967206827116694
2025-07-01,Fuerteventura,129.22,107.88,0.8348552855595108
2025-08-01,Fuerteventura,134.62,116.65,0.8665131481206358
2025-09-01,Fuerteventura,119.16,106.33,0.8923296408190668
2025-10-01,Fuerteventura,128.84,106.52,0.8267618751940391
2025-11-01,Fuerteventura,128.18,111.71,0.8715088157278825
2025-12-01,Fuerteventura,130.99,105.07,0.8021222994121687
2026-01-01,Fuerteventura,119.82,97.72,0.8155566683358372
2009-01-01,Gran Canaria,67.64,58.39,0.8632465996451804
2009-02-01,Gran Canaria,73.09,51.88,0.7098098235052674
2009-03-01,Gran Canaria,76.39,58.16,0.7613561984552951
2009-04-01,Gran Canaria,70.99,46.84,0.659811241019862
2009-05-01,Gran Canaria,60.5,37.89,0.6262809917355372
2009-06-01,Gran Canaria,60.27,37.79,0.6270117803218848
2009-07-01,Gran Canaria,62.6,40.23,0.6426517571884983
2009-08-01,Gran Canaria,64.75,46.78,0.7224710424710424
2009-09-01,Gran Canaria,62.74,43.49,0.6931781957284029
2009-10-01,Gran Canaria,73.04,48.93,0.669906900328587
2009-11-01,Gran Canaria,74.32,56.27,0.7571313240043058
2009-12-01,Gran Canaria,77.51,59.31,0.76519158818217
2010-01-01,Gran Canaria,73.23,55.68,0.7603441212617779
2010-02-01,Gran Canaria,76.01,60.85,0.8005525588738324
2010-03-01,Gran Canaria,87.31,69.54,0.7964723399381515
2010-04-01,Gran Canaria,75.08,48.16,0.6414491209376665
2010-05-01,Gran Canaria,64.81,42.24,0.651751272951705
2010-06-01,Gran Canaria,60.64,40.2,0.6629287598944591
2010-07-01,Gran Canaria,63.72,44.77,0.7026051475204018
2010-08-01,Gran Canaria,67.06,52.34,0.7804950790337012
2010-09-01,Gran Canaria,63.4,44.6,0.7034700315457414
2010-10-01,Gran Canaria,66.98,48.43,0.7230516572111078
2010-11-01,Gran Canaria,77.56,64.47,0.8312274368231046
2010-12-01,Gran Canaria,78.52,58.47,0.7446510443199185
2011-01-01,Gran Canaria,74.96,62.84,0.8383137673425828
2011-02-01,Gran Canaria,79.17,74.08,0.9357079701907288
2011-03-01,Gran Canaria,80.54,71.19,0.8839086168363545
2011-04-01,Gran Canaria,81.09,58.45,0.7208040448883957
2011-05-01,Gran Canaria,67.68,43.57,0.6437647754137116
2011-06-01,Gran Canaria,64.4,43.79,0.6799689440993788
2011-07-01,Gran Canaria,67.09,50.42,0.7515277984796542
2011-08-01,Gran Canaria,73.69,60.2,0.8169358121861854
2011-09-01,Gran Canaria,72.11,56.12,0.7782554430730828
2011-10-01,Gran Canaria,73.89,57.41,0.7769657599133847
2011-11-01,Gran Canaria,79.35,69.32,0.8735979836168872
2011-12-01,Gran Canaria,85.47,67.82,0.7934947934947935
2012-01-01,Gran Canaria,83.82,74.53,0.8891672631830113
2012-02-01,Gran Canaria,86.49,74.91,0.8661116892126257
2012-03-01,Gran Canaria,85.71,71.14,0.8300081670750205
2012-04-01,Gran Canaria,79.35,51.82,0.6530560806553246
2012-05-01,Gran Canaria,71.98,47.95,0.6661572659071965
2012-06-01,Gran Canaria,69.44,47.12,0.6785714285714286
2012-07-01,Gran Canaria,74.47,54.79,0.7357325097354639
2012-08-01,Gran Canaria,75.62,58.45,0.7729436656969055
2012-09-01,Gran Canaria,72.97,54.13,0.7418117034397698
2012-10-01,Gran Canaria,74.64,56.67,0.7592443729903537
2012-11-01,Gran Canaria,81.78,69.19,0.8460503790657862
2012-12-01,Gran Canaria,90.05,67.66,0.7513603553581344
2013-01-01,Gran Canaria,82.14,68.18,0.830046262478695
2013-02-01,Gran Canaria,85.36,72.06,0.8441893158388004
2013-03-01,Gran Canaria,92.58,77.08,0.8325772305033484
2013-04-01,Gran Canaria,84.6,55.6,0.657210401891253
2013-05-01,Gran Canaria,78.48,52.36,0.6671763506625892
2013-06-01,Gran Canaria,78.01,54.4,0.6973464940392257
2013-07-01,Gran Canaria,79.95,58.69,0.7340838023764853
2013-08-01,Gran Canaria,80.48,62.94,0.7820576540755466
2013-09-01,Gran Canaria,78.62,60.54,0.7700330704655304
2013-10-01,Gran Canaria,83.46,67.66,0.8106877546129883
2013-11-01,Gran Canaria,87.76,77.0,0.8773928896991795
2013-12-01,Gran Canaria,88.37,72.3,0.8181509562068574
2014-01-01,Gran Canaria,90.89,81.7,0.8988887666409946
2014-02-01,Gran Canaria,90.75,80.23,0.884077134986226
2014-03-01,Gran Canaria,92.05,80.13,0.8705051602390005
2014-04-01,Gran Canaria,89.09,62.7,0.703782691660119
2014-05-01,Gran Canaria,78.08,51.52,0.6598360655737705
2014-06-01,Gran Canaria,74.57,51.49,0.6904921550221269
2014-07-01,Gran Canaria,80.32,59.43,0.7399153386454184
2014-08-01,Gran Canaria,79.33,66.97,0.8441951342493382
2014-09-01,Gran Canaria,80.04,63.01,0.787231384307846
2014-10-01,Gran Canaria,86.14,69.63,0.8083352681680984
2014-11-01,Gran Canaria,95.45,85.13,0.8918805657412257
2014-12-01,Gran Canaria,94.64,76.66,0.8100169061707523
2015-01-01,Gran Canaria,95.76,84.01,0.877297410192147
2015-02-01,Gran Canaria,96.36,85.94,0.8918638439186384
2015-03-01,Gran Canaria,96.62,82.34,0.8522045125232871
2015-04-01,Gran Canaria,89.05,62.14,0.6978102189781022
2015-05-01,Gran Canaria,80.0,53.91,0.673875
2015-06-01,Gran Canaria,79.71,57.19,0.7174758499560908
2015-07-01,Gran Canaria,84.58,65.77,0.7776069992906124
2015-08-01,Gran Canaria,84.79,70.0,0.8255690529543578
2015-09-01,Gran Canaria,84.29,68.92,0.8176533396606952
2015-10-01,Gran Canaria,86.49,71.44,0.8259914440975835
2015-11-01,Gran Canaria,99.1,89.59,0.9040363269424825
2015-12-01,Gran Canaria,102.9,88.26,0.8577259475218659
2016-01-01,Gran Canaria,94.19,85.31,0.9057224758466929
2016-02-01,Gran Canaria,101.75,93.95,0.9233415233415234
2016-03-01,Gran Canaria,101.9,92.66,0.9093228655544651
2016-04-01,Gran Canaria,93.43,73.02,0.7815476827571443
2016-05-01,Gran Canaria,85.23,67.3,0.7896280652352458
2016-06-01,Gran Canaria,83.77,68.02,0.8119851975647606
2016-07-01,Gran Canaria,88.9,77.41,0.8707536557930258
2016-08-01,Gran Canaria,92.81,82.54,0.8893438207089753
2016-09-01,Gran Canaria,88.94,78.19,0.8791319991005172
2016-10-01,Gran Canaria,94.28,83.63,0.8870386084005091
2016-11-01,Gran Canaria,100.31,92.22,0.9193500149536437
2016-12-01,Gran Canaria,106.13,91.26,0.8598888156035053
2017-01-01,Gran Canaria,101.16,92.17,0.9111308817714512
2017-02-01,Gran Canaria,103.4,94.49,0.9138297872340424
2017-03-01,Gran Canaria,102.86,92.5,0.8992805755395683
2017-04-01,Gran Canaria,101.52,80.77,0.7956067769897557
2017-05-01,Gran Canaria,89.44,71.37,0.7979651162790699
2017-06-01,Gran Canaria,80.44,65.62,0.8157633018398808
2017-07-01,Gran Canaria,88.49,75.78,0.8563679511809245
2017-08-01,Gran Canaria,86.3,76.95,0.891657010428737
2017-09-01,Gran Canaria,85.65,75.53,0.8818447168709865
2017-10-01,Gran Canaria,92.91,82.44,0.8873103002906039
2017-11-01,Gran Canaria,106.48,96.49,0.9061795642374154
2017-12-01,Gran Canaria,105.51,88.36,0.8374561652923893
2018-01-01,Gran Canaria,108.13,96.5,0.8924442800332933
2018-02-01,Gran Canaria,102.06,91.86,0.9000587889476778
2018-03-01,Gran Canaria,105.47,92.88,0.8806295629088841
2018-04-01,Gran Canaria,94.69,70.86,0.7483366775794699
2018-05-01,Gran Canaria,82.5,64.42,0.7808484848484849
2018-06-01,Gran Canaria,82.28,66.42,0.8072435585804569
2018-07-01,Gran Canaria,91.09,74.02,0.8126029201888242
2018-08-01,Gran Canaria,94.08,80.17,0.8521471088435374
2018-09-01,Gran Canaria,85.35,73.22,0.8578793204452256
2018-10-01,Gran Canaria,97.46,82.74,0.8489636774061153
2018-11-01,Gran Canaria,110.63,95.37,0.8620627316279491
2018-12-01,Gran Canaria,109.45,87.62,0.8005481955230699
2019-01-01,Gran Canaria,111.15,94.2,0.8475033738191633
2019-02-01,Gran Canaria,116.46,97.4,0.8363386570496308
2019-03-01,Gran Canaria,108.19,90.24,0.8340881782050097
2019-04-01,Gran Canaria,102.4,72.26,0.7056640625
2019-05-01,Gran Canaria,86.95,65.0,0.7475560667050029
2019-06-01,Gran Canaria,85.34,66.96,0.7846262010780407
2019-07-01,Gran Canaria,93.78,76.91,0.8201108978460225
2019-08-01,Gran Canaria,99.19,82.89,0.8356689182377256
2019-09-01,Gran Canaria,92.02,77.4,0.8411214953271029
2019-10-01,Gran Canaria,106.08,85.76,0.808446455505279
2019-11-01,Gran Canaria,113.13,97.9,0.8653761159727748
2019-12-01,Gran Canaria,115.52,95.78,0.8291204986149585
2020-01-01,Gran Canaria,110.74,96.12,0.8679790500270905
2020-02-01,Gran Canaria,111.99,94.56,0.8443611036699706
2020-03-01,Gran Canaria,101.72,42.83,0.42105780574125046
2020-07-01,Gran Canaria,98.14,32.5,0.3311595679641329
2020-08-01,Gran Canaria,91.56,44.52,0.48623853211009177
2020-09-01,Gran Canaria,74.74,20.5,0.2742841851752743
2020-10-01,Gran Canaria,78.66,20.2,0.2568014238494788
2020-11-01,Gran Canaria,94.23,32.74,0.34744773426721853
2020-12-01,Gran Canaria,99.93,35.43,0.35454818372861
2021-01-01,Gran Canaria,97.24,21.81,0.22429041546688605
2021-02-01,Gran Canaria,93.05,20.35,0.21869962385814082
2021-03-01,Gran Canaria,105.1,25.57,0.2432921027592769
2021-04-01,Gran Canaria,103.4,29.25,0.2828820116054159
2021-05-01,Gran Canaria,90.39,29.54,0.3268060626175462
2021-06-01,Gran Canaria,95.17,39.38,0.4137858568876747
2021-07-01,Gran Canaria,103.34,52.19,0.50503193342365
2021-08-01,Gran Canaria,114.13,77.14,0.6758959081748883
2021-09-01,Gran Canaria,101.68,68.59,0.674567269866247
2021-10-01,Gran Canaria,120.83,94.16,0.7792766697012331
2021-11-01,Gran Canaria,131.47,108.21,0.8230775081767703
2021-12-01,Gran Canaria,129.17,95.09,0.7361616474413565
2022-01-01,Gran Canaria,121.99,80.0,0.6557914583162554
2022-02-01,Gran Canaria,128.91,92.51,0.7176324567527733
2022-03-01,Gran Canaria,129.63,103.22,0.7962662963820104
2022-04-01,Gran Canaria,125.8,89.91,0.7147058823529412
2022-05-01,Gran Canaria,101.6,70.48,0.6937007874015749
2022-06-01,Gran Canaria,101.54,71.06,0.6998227299586369
2022-07-01,Gran Canaria,112.0,86.95,0.7763392857142858
2022-08-01,Gran Canaria,117.88,97.51,0.8271971496437055
2022-09-01,Gran Canaria,108.6,88.46,0.814548802946593
2022-10-01,Gran Canaria,120.39,98.61,0.819087964116621
2022-11-01,Gran Canaria,133.65,117.12,0.8763187429854097
2022-12-01,Gran Canaria,136.51,113.84,0.8339315801040218
2023-01-01,Gran Canaria,133.04,118.37,0.8897324113048708
2023-02-01,Gran Canaria,138.22,122.28,0.8846766025177254
2023-03-01,Gran Canaria,138.32,118.62,0.8575766338924234
2023-04-01,Gran Canaria,127.56,94.46,0.7405142677955471
2023-05-01,Gran Canaria,106.58,77.29,0.7251829611559393
2023-06-01,Gran Canaria,104.07,77.47,0.7444028058037859
2023-07-01,Gran Canaria,116.08,92.73,0.7988456237077878
2023-08-01,Gran Canaria,125.31,103.72,0.8277072859308914
2023-09-01,Gran Canaria,112.2,92.82,0.8272727272727272
2023-10-01,Gran Canaria,128.36,108.5,0.8452789030850731
2023-11-01,Gran Canaria,141.66,124.59,0.8795002117746717
2023-12-01,Gran Canaria,147.02,123.92,0.8428785199292613
2024-01-01,Gran Canaria,139.59,126.01,0.902715094204456
2024-02-01,Gran Canaria,147.43,141.4,0.9590992335345587
2024-03-01,Gran Canaria,148.56,131.88,0.8877221324717286
2024-04-01,Gran Canaria,132.47,99.95,0.7545104551974032
2024-05-01,Gran Canaria,114.26,84.63,0.740679152809382
2024-06-01,Gran Canaria,113.54,89.54,0.7886207503963361
2024-07-01,Gran Canaria,126.05,101.9,0.8084093613645379
2024-08-01,Gran Canaria,136.53,114.62,0.8395224492785469
2024-09-01,Gran Canaria,124.76,106.22,0.8513946777813401
2024-10-01,Gran Canaria,141.08,123.1,0.8725545789622908
2024-11-01,Gran Canaria,160.19,146.17,0.9124789312691178
2024-12-01,Gran Canaria,163.8,140.45,0.8574481074481073
2025-01-01,Gran Canaria,155.53,140.52,0.9034912878544333
2025-02-01,Gran Canaria,164.31,150.76,0.917533929766904
2025-03-01,Gran Canaria,161.86,142.5,0.8803904608921289
2025-04-01,Gran Canaria,148.5,113.03,0.7611447811447811
2025-05-01,Gran Canaria,120.99,89.92,0.7432019175138441
2025-06-01,Gran Canaria,119.84,96.42,0.8045727636849133
2025-07-01,Gran Canaria,134.63,111.44,0.8277501299858873
2025-08-01,Gran Canaria,143.98,123.57,0.8582442005834143
2025-09-01,Gran Canaria,128.18,109.57,0.854813543454517
2025-10-01,Gran Canaria,143.68,125.69,0.8747912026726057
2025-11-01,Gran Canaria,166.74,148.16,0.888569029626964
2025-12-01,Gran Canaria,174.09,148.34,0.8520880004595325
2026-01-01,Gran Canaria,166.14,149.6,0.900445407487661
2009-01-01,La Gomera,49.11,26.43,0.5381795968234575
2009-02-01,La Gomera,48.46,36.34,0.7498968221213372
2009-03-01,La Gomera,59.93,49.75,0.8301351576839646
2009-04-01,La Gomera,89.57,55.51,0.6197387518142236
2009-05-01,La Gomera,54.39,20.74,0.3813200956058099
2009-06-01,La Gomera,49.14,14.89,0.303011803011803
2009-07-01,La Gomera,56.38,16.95,0.3006385242993969
2009-08-01,La Gomera,59.89,23.12,0.38604107530472537
2009-09-01,La Gomera,58.77,20.54,0.34949804321932953
2009-10-01,La Gomera,53.24,18.0,0.33809166040571
2009-11-01,La Gomera,62.64,27.27,0.4353448275862069
2009-12-01,La Gomera,65.73,26.67,0.4057507987220447
2010-01-01,La Gomera,62.07,22.15,0.3568551635250523
2010-02-01,La Gomera,65.44,29.26,0.4471271393643032
2010-03-01,La Gomera,63.52,29.24,0.46032745591939545
2010-04-01,La Gomera,58.28,20.61,0.3536376115305422
2010-05-01,La Gomera,51.57,20.79,0.4031413612565445
2010-06-01,La Gomera,50.69,18.37,0.3623988952456106
2010-07-01,La Gomera,54.68,19.55,0.3575347476225311
2010-08-01,La Gomera,66.43,28.43,0.4279692909829896
2010-09-01,La Gomera,60.81,23.24,0.38217398454201607
2010-10-01,La Gomera,64.38,25.39,0.3943771357564461
2010-11-01,La Gomera,68.38,31.26,0.45715121380520624
2010-12-01,La Gomera,73.19,28.93,0.3952725782210685
2011-01-01,La Gomera,73.94,31.3,0.4233162023262105
2011-02-01,La Gomera,73.65,36.08,0.48988458927359124
2011-03-01,La Gomera,75.11,37.32,0.49687125549194516
2011-04-01,La Gomera,71.71,32.18,0.4487519174452657
2011-05-01,La Gomera,50.26,21.15,0.4208117787504974
2011-06-01,La Gomera,49.77,17.95,0.3606590315451075
2011-07-01,La Gomera,56.99,23.51,0.4125285137743464
2011-08-01,La Gomera,63.8,29.22,0.4579937304075235
2011-09-01,La Gomera,57.85,25.13,0.4343993085566119
2011-10-01,La Gomera,64.04,29.5,0.4606495940037476
2011-11-01,La Gomera,68.65,35.37,0.5152221412964311
2011-12-01,La Gomera,68.68,30.12,0.4385556202679091
2012-01-01,La Gomera,71.39,34.7,0.4860624737358174
2012-02-01,La Gomera,75.65,38.87,0.5138136153337739
2012-03-01,La Gomera,73.88,36.4,0.4926908500270709
2012-04-01,La Gomera,67.85,32.0,0.4716285924834194
2012-05-01,La Gomera,51.6,19.76,0.38294573643410856
2012-06-01,La Gomera,52.43,21.14,0.4032042723631509
2012-07-01,La Gomera,43.73,17.4,0.3978961811113652
2012-08-01,La Gomera,60.42,22.33,0.3695796094008606
2012-09-01,La Gomera,57.57,19.72,0.3425395171096057
2012-10-01,La Gomera,65.93,26.58,0.4031548612164416
2012-11-01,La Gomera,72.64,31.86,0.4386013215859031
2012-12-01,La Gomera,71.51,32.62,0.45615997762550686
2013-01-01,La Gomera,72.87,32.86,0.45094003019075063
2013-02-01,La Gomera,80.12,41.25,0.514852720918622
2013-03-01,La Gomera,79.75,40.45,0.5072100313479624
2013-04-01,La Gomera,72.64,30.46,0.4193281938325991
2013-05-01,La Gomera,54.43,21.46,0.3942678669851185
2013-06-01,La Gomera,58.86,20.29,0.34471627590893644
2013-07-01,La Gomera,56.85,21.34,0.37537379067722076
2013-08-01,La Gomera,67.79,27.25,0.4019766927275409
2013-09-01,La Gomera,58.43,23.87,0.40852301899709054
2013-10-01,La Gomera,70.77,31.14,0.44001695633743115
2013-11-01,La Gomera,76.29,38.79,0.5084545812033031
2013-12-01,La Gomera,72.88,35.91,0.49272777167947307
2014-01-01,La Gomera,78.82,40.25,0.5106571936056838
2014-02-01,La Gomera,85.33,45.18,0.5294738075706082
2014-03-01,La Gomera,85.49,42.58,0.4980699497017195
2014-04-01,La Gomera,71.8,31.34,0.43649025069637887
2014-05-01,La Gomera,59.14,23.94,0.404802164355766
2014-06-01,La Gomera,61.91,22.81,0.36843805524147955
2014-07-01,La Gomera,70.91,26.59,0.37498237202087153
2014-08-01,La Gomera,74.7,31.65,0.4236947791164658
2014-09-01,La Gomera,71.59,30.75,0.4295292638636681
2014-10-01,La Gomera,67.27,26.86,0.39928645755909026
2014-11-01,La Gomera,73.17,37.97,0.5189285226185595
2014-12-01,La Gomera,73.26,33.61,0.45877695877695873
2015-01-01,La Gomera,71.48,35.24,0.4930050363738109
2015-02-01,La Gomera,79.4,41.65,0.5245591939546599
2015-03-01,La Gomera,74.55,38.09,0.510932260228035
2015-04-01,La Gomera,71.17,31.07,0.4365603484614304
2015-05-01,La Gomera,58.91,23.21,0.3939908334747921
2015-06-01,La Gomera,57.47,18.58,0.3232991125804767
2015-07-01,La Gomera,62.83,21.43,0.34107910233964667
2015-08-01,La Gomera,71.02,30.36,0.42748521543227264
2015-09-01,La Gomera,70.08,29.99,0.427939497716895
2015-10-01,La Gomera,72.59,34.53,0.47568535610965695
2015-11-01,La Gomera,76.44,40.47,0.5294348508634223
2015-12-01,La Gomera,77.67,40.39,0.52002059997425
2016-01-01,La Gomera,84.42,44.34,0.5252309879175551
2016-02-01,La Gomera,86.3,48.61,0.5632676709154114
2016-03-01,La Gomera,101.71,93.47,0.9189853505063416
2016-04-01,La Gomera,87.87,66.16,0.752930465460339
2016-05-01,La Gomera,70.82,48.54,0.6853996046314601
2016-06-01,La Gomera,72.03,45.61,0.6332083853949743
2016-07-01,La Gomera,80.43,56.91,0.7075718015665795
2016-08-01,La Gomera,94.78,78.27,0.8258071323063937
2016-09-01,La Gomera,86.32,70.61,0.818002780352178
2016-10-01,La Gomera,95.07,75.84,0.7977279899021774
2016-11-01,La Gomera,97.81,89.15,0.9114609958081996
2016-12-01,La Gomera,106.23,85.27,0.8026922714863973
2017-01-01,La Gomera,103.47,96.98,0.9372765052672273
2017-02-01,La Gomera,110.93,106.18,0.9571802037320833
2017-03-01,La Gomera,117.34,109.16,0.9302880518152377
2017-04-01,La Gomera,97.68,77.44,0.7927927927927927
2017-05-01,La Gomera,74.96,49.01,0.6538153681963714
2017-06-01,La Gomera,74.83,45.97,0.614325805158359
2017-07-01,La Gomera,75.88,51.33,0.676462836056932
2017-08-01,La Gomera,92.36,67.16,0.7271546123863144
2017-09-01,La Gomera,103.82,77.8,0.7493739163937585
2017-10-01,La Gomera,95.64,77.44,0.8097030531158511
2017-11-01,La Gomera,116.78,107.46,0.9201918136667236
2017-12-01,La Gomera,106.1,79.66,0.7508011310084826
2018-01-01,La Gomera,108.95,101.22,0.9290500229463056
2018-02-01,La Gomera,111.67,103.4,0.9259425091788305
2018-03-01,La Gomera,105.8,96.49,0.9120037807183364
2018-04-01,La Gomera,85.85,68.07,0.7928945835760046
2018-05-01,La Gomera,71.09,44.37,0.6241384160922774
2018-06-01,La Gomera,69.65,36.19,0.5195979899497487
2018-07-01,La Gomera,76.37,49.27,0.6451486185675003
2018-08-01,La Gomera,90.45,67.22,0.7431730237700387
2018-09-01,La Gomera,85.21,63.71,0.7476821969252436
2018-10-01,La Gomera,89.16,70.48,0.7904890085240018
2018-11-01,La Gomera,96.91,89.68,0.9253946961097927
2018-12-01,La Gomera,100.68,78.49,0.7795987286452124
2019-01-01,La Gomera,98.34,88.23,0.8971934106162294
2019-02-01,La Gomera,100.74,91.29,0.9061941631923766
2019-03-01,La Gomera,99.92,85.98,0.8604883907125701
2019-04-01,La Gomera,91.46,65.99,0.7215176033238574
2019-05-01,La Gomera,69.86,44.84,0.6418551388491269
2019-06-01,La Gomera,67.32,38.12,0.566250742721331
2019-07-01,La Gomera,80.38,49.03,0.6099776063697437
2019-08-01,La Gomera,92.31,64.07,0.6940743148087963
2019-09-01,La Gomera,83.02,55.77,0.6717658395567334
2019-10-01,La Gomera,86.93,58.32,0.6708846198090417
2019-11-01,La Gomera,96.59,82.39,0.8529868516409566
2019-12-01,La Gomera,100.86,74.55,0.7391433670434265
2020-01-01,La Gomera,103.7,88.14,0.8499517839922854
2020-02-01,La Gomera,106.56,89.97,0.8443130630630631
2020-03-01,La Gomera,98.6,35.58,0.36085192697768764
2020-07-01,La Gomera,79.06,15.7,0.1985833544143688
2020-08-01,La Gomera,91.59,53.94,0.5889289223714379
2020-09-01,La Gomera,81.57,27.53,0.3375015324261371
2020-10-01,La Gomera,80.89,18.43,0.22784027691927308
2020-11-01,La Gomera,85.95,24.09,0.2802792321116928
2020-12-01,La Gomera,93.35,30.49,0.3266202463845742
2021-01-01,La Gomera,85.02,13.95,0.16407904022582923
2021-02-01,La Gomera,82.12,18.48,0.22503653190452994
2021-03-01,La Gomera,87.28,23.88,0.27360219981668193
2021-04-01,La Gomera,86.82,19.34,0.22275973278046535
2021-05-01,La Gomera,73.56,25.44,0.3458401305057096
2021-06-01,La Gomera,76.76,28.36,0.3694632621156852
2021-07-01,La Gomera,88.35,51.25,0.5800792303338993
2021-08-01,La Gomera,104.87,70.45,0.671784113664537
2021-09-01,La Gomera,92.07,63.16,0.6859997827739763
2021-10-01,La Gomera,97.29,73.96,0.7602014595539108
2021-11-01,La Gomera,106.87,96.37,0.9017497894638346
2021-12-01,La Gomera,110.98,82.03,0.7391421877815822
2022-01-01,La Gomera,112.53,90.61,0.8052075002221629
2022-02-01,La Gomera,118.38,95.96,0.8106099003210001
2022-03-01,La Gomera,116.37,92.39,0.7939331442811721
2022-04-01,La Gomera,112.3,73.14,0.6512911843276937
2022-05-01,La Gomera,81.22,48.43,0.5962817040137897
2022-06-01,La Gomera,81.45,44.07,0.5410681399631676
2022-07-01,La Gomera,90.79,55.91,0.615816719903073
2022-08-01,La Gomera,108.36,75.08,0.692875599852344
2022-09-01,La Gomera,89.77,57.44,0.6398574133897739
2022-10-01,La Gomera,95.25,65.46,0.6872440944881889
2022-11-01,La Gomera,108.01,90.01,0.833348764003333
2022-12-01,La Gomera,111.14,84.43,0.7596724851538601
2023-01-01,La Gomera,117.2,102.79,0.8770477815699659
2023-02-01,La Gomera,120.47,106.22,0.881713289615672
2023-03-01,La Gomera,116.89,99.11,0.8478911797416374
2023-04-01,La Gomera,109.31,74.95,0.6856646235477084
2023-05-01,La Gomera,80.92,49.57,0.6125803262481463
2023-06-01,La Gomera,80.18,46.57,0.5808181591419306
2023-07-01,La Gomera,96.8,56.77,0.5864669421487604
2023-08-01,La Gomera,108.31,75.34,0.6955959745175884
2023-09-01,La Gomera,92.64,65.07,0.7023963730569948
2023-10-01,La Gomera,104.4,76.37,0.7315134099616858
2023-11-01,La Gomera,114.99,98.74,0.8586833637707627
2023-12-01,La Gomera,115.77,92.02,0.7948518614494255
2024-01-01,La Gomera,115.29,101.46,0.8800416341399947
2024-02-01,La Gomera,122.1,114.28,0.935954135954136
2024-03-01,La Gomera,124.32,108.78,0.8750000000000001
2024-04-01,La Gomera,91.17,41.51,0.4553032795875836
2024-05-01,La Gomera,77.31,50.81,0.657224162462812
2024-06-01,La Gomera,74.58,52.0,0.6972378653794583
2024-07-01,La Gomera,90.82,63.75,0.7019378991411583
2024-08-01,La Gomera,96.64,76.92,0.7959437086092715
2024-09-01,La Gomera,84.98,69.01,0.8120734290421275
2024-10-01,La Gomera,85.69,68.74,0.8021939549539036
2024-11-01,La Gomera,101.34,89.54,0.883560292086047
2024-12-01,La Gomera,134.89,98.02,0.7266661724368004
2025-01-01,La Gomera,141.19,123.6,0.8754161059565124
2025-02-01,La Gomera,137.23,122.69,0.8940464912919917
2025-03-01,La Gomera,133.06,112.56,0.8459341650383285
2025-04-01,La Gomera,130.01,80.0,0.615337281747558
2025-05-01,La Gomera,94.89,57.29,0.6037517125092212
2025-06-01,La Gomera,93.15,49.48,0.5311862587224906
2025-07-01,La Gomera,104.86,62.12,0.5924089261872973
2025-08-01,La Gomera,118.99,76.53,0.64316329103286
2025-09-01,La Gomera,104.64,74.35,0.7105313455657492
2025-10-01,La Gomera,111.33,79.34,0.7126560675469326
2025-11-01,La Gomera,136.23,116.84,0.8576671805035603
2025-12-01,La Gomera,140.38,103.2,0.7351474569026928
2026-01-01,La Gomera,146.27,128.13,0.8759827715867915
2009-01-01,La Palma,40.76,16.53,0.4055446516192346
2009-02-01,La Palma,48.65,25.76,0.5294964028776978
2009-03-01,La Palma,41.65,23.63,0.5673469387755102
2009-04-01,La Palma,34.46,15.01,0.4355774811375508
2009-05-01,La Palma,32.66,12.68,0.3882424984690754
2009-06-01,La Palma,32.86,13.23,0.40261716372489353
2009-07-01,La Palma,40.67,24.33,0.5982296533071059
2009-08-01,La Palma,41.03,27.77,0.6768218376797465
2009-09-01,La Palma,34.25,16.95,0.49489051094890507
2009-10-01,La Palma,34.18,14.08,0.41193680514921005
2009-11-01,La Palma,39.5,20.76,0.5255696202531646
2009-12-01,La Palma,48.81,22.45,0.4599467322270026
2010-01-01,La Palma,38.82,16.97,0.4371458011334363
2010-02-01,La Palma,40.93,19.77,0.4830197898851698
2010-03-01,La Palma,38.95,18.24,0.4682926829268292
2010-04-01,La Palma,42.24,19.28,0.4564393939393939
2010-05-01,La Palma,36.84,14.47,0.3927795874049946
2010-06-01,La Palma,37.84,14.68,0.38794926004228325
2010-07-01,La Palma,38.91,19.74,0.5073245952197378
2010-08-01,La Palma,41.51,22.86,0.5507106721271983
2010-09-01,La Palma,34.22,18.24,0.5330216247808299
2010-10-01,La Palma,31.32,12.99,0.41475095785440613
2010-11-01,La Palma,43.63,22.52,0.5161586064634426
2010-12-01,La Palma,46.55,20.56,0.44167561761546725
2011-01-01,La Palma,50.11,23.94,0.4777489523049292
2011-02-01,La Palma,48.63,27.17,0.5587086160806087
2011-03-01,La Palma,48.71,27.48,0.5641552042701704
2011-04-01,La Palma,43.82,23.31,0.5319488817891374
2011-05-01,La Palma,38.23,9.48,0.24797279623332463
2011-06-01,La Palma,36.76,8.55,0.23258977149075086
2011-07-01,La Palma,48.4,13.5,0.27892561983471076
2011-08-01,La Palma,60.9,18.09,0.2970443349753695
2011-09-01,La Palma,37.98,11.84,0.3117430226434966
2011-10-01,La Palma,38.23,10.55,0.27596128694742356
2011-11-01,La Palma,49.11,26.32,0.5359397271431481
2011-12-01,La Palma,51.78,15.04,0.29045963692545385
2012-01-01,La Palma,40.36,13.66,0.33845391476709613
2012-02-01,La Palma,50.01,12.95,0.2589482103579284
2012-03-01,La Palma,49.12,24.54,0.4995928338762215
2012-04-01,La Palma,35.99,14.76,0.4101139205334815
2012-05-01,La Palma,33.0,7.62,0.23090909090909092
2012-06-01,La Palma,32.56,7.5,0.23034398034398032
2012-07-01,La Palma,36.11,9.61,0.26613126557740235
2012-08-01,La Palma,43.77,12.55,0.286726068083162
2012-09-01,La Palma,36.31,10.1,0.27816028642247315
2012-10-01,La Palma,34.1,14.65,0.42961876832844575
2012-11-01,La Palma,40.55,13.17,0.3247842170160296
2012-12-01,La Palma,46.09,13.27,0.287914949012801
2013-01-01,La Palma,39.73,19.16,0.48225522275358673
2013-02-01,La Palma,43.49,13.64,0.3136353184640147
2013-03-01,La Palma,39.54,12.14,0.30703085483055137
2013-04-01,La Palma,43.38,15.28,0.35223605348086673
2013-05-01,La Palma,35.31,11.49,0.3254035683942226
2013-06-01,La Palma,34.32,8.51,0.24796037296037296
2013-07-01,La Palma,35.47,7.52,0.2120101494220468
2013-08-01,La Palma,44.02,18.7,0.42480690595184
2013-09-01,La Palma,36.62,7.99,0.21818678317859094
2013-10-01,La Palma,38.39,13.91,0.3623339411305027
2013-11-01,La Palma,44.08,20.53,0.46574410163339386
2013-12-01,La Palma,44.54,20.09,0.4510552312528065
2014-01-01,La Palma,41.75,23.47,0.5621556886227544
2014-02-01,La Palma,41.24,21.31,0.5167313288069835
2014-03-01,La Palma,45.8,22.8,0.49781659388646293
2014-04-01,La Palma,37.16,9.92,0.2669537136706136
2014-05-01,La Palma,33.19,15.93,0.4799638445314854
2014-06-01,La Palma,32.72,13.98,0.42726161369193155
2014-07-01,La Palma,37.53,8.97,0.23900879296562752
2014-08-01,La Palma,46.25,19.72,0.42637837837837833
2014-09-01,La Palma,40.08,15.72,0.3922155688622755
2014-10-01,La Palma,35.45,15.34,0.432722143864598
2014-11-01,La Palma,38.85,22.46,0.5781209781209781
2014-12-01,La Palma,39.42,19.48,0.4941653982749873
2015-01-01,La Palma,41.74,23.57,0.5646861523718255
2015-02-01,La Palma,43.6,25.83,0.5924311926605504
2015-03-01,La Palma,42.37,23.89,0.5638423412792071
2015-04-01,La Palma,37.28,22.77,0.610783261802575
2015-05-01,La Palma,36.57,20.06,0.5485370522286026
2015-06-01,La Palma,37.45,20.61,0.5503337783711615
2015-07-01,La Palma,42.18,23.57,0.5587956377430062
2015-08-01,La Palma,42.07,25.16,0.5980508676016163
2015-09-01,La Palma,38.45,20.98,0.5456436931079324
2015-10-01,La Palma,38.99,20.27,0.5198768915106438
2015-11-01,La Palma,44.24,27.69,0.6259041591320073
2015-12-01,La Palma,44.77,25.26,0.5642171096716552
2016-01-01,La Palma,40.44,25.58,0.6325420375865479
2016-02-01,La Palma,43.68,29.26,0.6698717948717949
2016-03-01,La Palma,41.93,32.98,0.7865490102551872
2016-04-01,La Palma,37.85,27.7,0.7318361955085865
2016-05-01,La Palma,36.75,23.03,0.6266666666666667
2016-06-01,La Palma,39.38,24.18,0.6140172676485525
2016-07-01,La Palma,40.89,31.7,0.7752506725360724
2016-08-01,La Palma,46.38,39.09,0.8428201811125485
2016-09-01,La Palma,43.55,34.84,0.8000000000000002
2016-10-01,La Palma,43.15,32.14,0.7448435689455388
2016-11-01,La Palma,46.03,42.05,0.9135346513143601
2016-12-01,La Palma,46.23,39.46,0.8535582954791262
2017-01-01,La Palma,47.28,43.66,0.9234348561759729
2017-02-01,La Palma,50.49,45.64,0.9039413745296098
2017-03-01,La Palma,49.0,43.09,0.8793877551020409
2017-04-01,La Palma,45.79,36.14,0.789255295916139
2017-05-01,La Palma,41.47,25.69,0.6194839643115506
2017-06-01,La Palma,41.92,26.16,0.6240458015267175
2017-07-01,La Palma,46.38,32.27,0.6957740405347133
2017-08-01,La Palma,49.84,38.57,0.773876404494382
2017-09-01,La Palma,43.9,34.22,0.779498861047836
2017-10-01,La Palma,43.96,31.65,0.7199727024567788
2017-11-01,La Palma,47.68,42.39,0.8890520134228188
2017-12-01,La Palma,46.19,34.16,0.7395540160207836
2018-01-01,La Palma,48.91,42.84,0.8758945001022287
2018-02-01,La Palma,51.16,44.25,0.8649335418295544
2018-03-01,La Palma,49.82,43.5,0.8731433159373746
2018-04-01,La Palma,44.83,31.18,0.6955163952710239
2018-05-01,La Palma,43.32,24.65,0.5690212373037857
2018-06-01,La Palma,42.86,29.94,0.6985534297713486
2018-07-01,La Palma,44.7,36.57,0.8181208053691275
2018-08-01,La Palma,49.65,43.24,0.870896273917422
2018-09-01,La Palma,45.58,37.19,0.8159280386134269
2018-10-01,La Palma,44.08,27.03,0.6132032667876589
2018-11-01,La Palma,48.79,38.73,0.7938102070096331
2018-12-01,La Palma,55.05,36.82,0.6688465031789282
2019-01-01,La Palma,54.29,41.33,0.7612820040523116
2019-02-01,La Palma,57.95,45.27,0.781190681622088
2019-03-01,La Palma,60.7,51.39,0.8466227347611203
2019-04-01,La Palma,52.46,37.35,0.7119710255432711
2019-05-01,La Palma,48.44,27.82,0.574318744838976
2019-06-01,La Palma,49.08,31.06,0.6328443357783211
2019-07-01,La Palma,55.86,37.66,0.6741854636591478
2019-08-01,La Palma,61.9,45.8,0.739903069466882
2019-09-01,La Palma,51.84,37.47,0.7228009259259258
2019-10-01,La Palma,51.64,33.15,0.6419442292796281
2019-11-01,La Palma,56.86,47.34,0.8325712275765038
2019-12-01,La Palma,57.06,41.96,0.735366281107606
2020-01-01,La Palma,54.79,40.66,0.7421062237634605
2020-02-01,La Palma,61.79,48.89,0.7912283541026056
2020-03-01,La Palma,60.75,23.45,0.3860082304526749
2020-07-01,La Palma,56.18,9.05,0.16108935564257745
2020-08-01,La Palma,81.8,54.25,0.6632029339853301
2020-09-01,La Palma,68.03,34.55,0.5078641775687196
2020-10-01,La Palma,64.04,21.0,0.3279200499687695
2020-11-01,La Palma,66.52,15.75,0.2367708959711365
2020-12-01,La Palma,68.47,20.33,0.2969183584051409
2021-01-01,La Palma,58.16,13.05,0.22438101788170567
2021-02-01,La Palma,59.33,10.99,0.1852351255688522
2021-03-01,La Palma,63.11,14.73,0.23340199651402313
2021-04-01,La Palma,61.84,15.28,0.24708926261319533
2021-05-01,La Palma,61.8,17.89,0.2894822006472492
2021-06-01,La Palma,66.69,18.1,0.27140500824711355
2021-07-01,La Palma,91.4,39.16,0.42844638949671765
2021-08-01,La Palma,85.96,58.31,0.6783387622149838
2021-09-01,La Palma,84.27,43.55,0.5167912661682686
2021-10-01,La Palma,70.97,23.86,0.33619839368747356
2021-11-01,La Palma,67.42,24.77,0.3673983981014536
2021-12-01,La Palma,72.05,24.58,0.34115197779319917
2022-01-01,La Palma,61.29,15.7,0.2561592429433839
2022-02-01,La Palma,66.56,20.22,0.30378605769230765
2022-03-01,La Palma,66.98,29.28,0.4371454165422514
2022-04-01,La Palma,63.35,33.83,0.5340173638516179
2022-05-01,La Palma,64.47,32.06,0.49728555917481004
2022-06-01,La Palma,66.66,36.79,0.551905190519052
2022-07-01,La Palma,73.01,47.26,0.647308587864676
2022-08-01,La Palma,101.26,92.32,0.9117124234643491
2022-09-01,La Palma,86.12,56.98,0.6616349280074314
2022-10-01,La Palma,74.79,48.31,0.6459419708517181
2022-11-01,La Palma,69.82,43.35,0.6208822686909196
2022-12-01,La Palma,74.44,40.62,0.545674368619022
2023-01-01,La Palma,62.57,36.78,0.5878216397634649
2023-02-01,La Palma,77.19,45.74,0.5925638036015028
2023-03-01,La Palma,66.68,43.71,0.6555188962207558
2023-04-01,La Palma,66.7,36.28,0.543928035982009
2023-05-01,La Palma,64.08,28.86,0.450374531835206
2023-06-01,La Palma,68.11,31.1,0.4566143003964176
2023-07-01,La Palma,78.44,42.16,0.5374808771035186
2023-08-01,La Palma,84.96,49.68,0.5847457627118644
2023-09-01,La Palma,73.17,41.08,0.5614322809894765
2023-10-01,La Palma,87.26,64.36,0.7375658950263579
2023-11-01,La Palma,79.71,58.48,0.7336595157445741
2023-12-01,La Palma,83.26,57.69,0.6928897429738169
2024-01-01,La Palma,79.08,61.72,0.7804754678806272
2024-02-01,La Palma,82.47,62.67,0.7599126955256457
2024-03-01,La Palma,81.84,63.49,0.7757820136852395
2024-04-01,La Palma,76.13,38.1,0.5004597399185604
2024-05-01,La Palma,74.12,29.52,0.39827307069616835
2024-06-01,La Palma,76.48,40.16,0.5251046025104602
2024-07-01,La Palma,83.81,48.17,0.5747524161794535
2024-08-01,La Palma,91.45,60.9,0.6659376708583925
2024-09-01,La Palma,75.39,45.41,0.6023345271256134
2024-10-01,La Palma,78.0,39.8,0.5102564102564102
2024-11-01,La Palma,80.71,59.35,0.7353487795812168
2024-12-01,La Palma,86.34,55.05,0.637595552466991
2025-01-01,La Palma,82.06,61.47,0.7490860346088227
2025-02-01,La Palma,87.64,62.04,0.7078959379278867
2025-03-01,La Palma,85.96,61.04,0.7100977198697069
2025-04-01,La Palma,80.52,46.15,0.5731495280675609
2025-05-01,La Palma,76.22,29.52,0.3872999212805038
2025-06-01,La Palma,76.88,35.01,0.4553850156087409
2025-07-01,La Palma,80.8,35.33,0.43725247524752475
2025-08-01,La Palma,80.35,44.22,0.5503422526446795
2025-09-01,La Palma,68.31,38.31,0.5608256477821696
2025-10-01,La Palma,82.18,45.2,0.5500121684108056
2025-11-01,La Palma,89.32,65.92,0.7380206000895657
2025-12-01,La Palma,97.12,63.71,0.6559925864909391
2026-01-01,La Palma,92.08,67.89,0.7372936576889662
2009-01-01,Lanzarote,59.44,40.02,0.6732839838492598
2009-02-01,Lanzarote,65.24,42.12,0.6456161863887185
2009-03-01,Lanzarote,59.01,40.06,0.6788679884765295
2009-04-01,Lanzarote,63.43,35.77,0.563928740343686
2009-05-01,Lanzarote,53.62,25.61,0.47762029093621783
2009-06-01,Lanzarote,49.52,27.65,0.5583602584814216
2009-07-01,Lanzarote,54.18,37.79,0.6974898486526393
2009-08-01,Lanzarote,57.33,42.74,0.7455084597941741
2009-09-01,Lanzarote,55.38,38.74,0.6995305164319249
2009-10-01,Lanzarote,58.88,35.51,0.6030910326086956
2009-11-01,Lanzarote,54.61,35.21,0.6447537081120674
2009-12-01,Lanzarote,64.6,35.33,0.5469040247678019
2010-01-01,Lanzarote,58.26,36.99,0.6349124613800207
2010-02-01,Lanzarote,58.8,38.76,0.6591836734693878
2010-03-01,Lanzarote,60.91,44.16,0.725004104416352
2010-04-01,Lanzarote,55.43,33.72,0.6083348367310121
2010-05-01,Lanzarote,51.36,27.38,0.5330996884735202
2010-06-01,Lanzarote,51.13,31.79,0.6217484842558184
2010-07-01,Lanzarote,59.92,44.1,0.735981308411215
2010-08-01,Lanzarote,63.8,51.49,0.8070532915360502
2010-09-01,Lanzarote,53.24,38.72,0.7272727272727272
2010-10-01,Lanzarote,57.85,40.47,0.6995678478824546
2010-11-01,Lanzarote,61.32,41.54,0.677429876060013
2010-12-01,Lanzarote,63.28,35.35,0.5586283185840708
2011-01-01,Lanzarote,55.43,36.94,0.666426123038066
2011-02-01,Lanzarote,59.37,45.86,0.7724439952838134
2011-03-01,Lanzarote,56.84,48.55,0.8541520056298381
2011-04-01,Lanzarote,66.27,50.09,0.7558472913837333
2011-05-01,Lanzarote,54.06,31.8,0.5882352941176471
2011-06-01,Lanzarote,54.89,39.12,0.7126981235197668
2011-07-01,Lanzarote,66.96,53.4,0.7974910394265233
2011-08-01,Lanzarote,67.53,57.03,0.8445135495335406
2011-09-01,Lanzarote,58.56,47.7,0.8145491803278688
2011-10-01,Lanzarote,62.4,45.42,0.7278846153846155
2011-11-01,Lanzarote,60.17,44.39,0.7377430613262423
2011-12-01,Lanzarote,64.45,40.24,0.6243599689681923
2012-01-01,Lanzarote,55.66,40.24,0.7229608336327704
2012-02-01,Lanzarote,59.28,43.54,0.7344804318488529
2012-03-01,Lanzarote,57.54,44.1,0.7664233576642336
2012-04-01,Lanzarote,58.31,39.72,0.681186760418453
2012-05-01,Lanzarote,51.76,34.14,0.6595826893353942
2012-06-01,Lanzarote,55.0,40.98,0.745090909090909
2012-07-01,Lanzarote,64.12,49.74,0.7757330006238303
2012-08-01,Lanzarote,65.92,50.62,0.7679004854368932
2012-09-01,Lanzarote,60.28,46.29,0.7679163901791639
2012-10-01,Lanzarote,59.11,42.96,0.7267805785823042
2012-11-01,Lanzarote,62.42,43.38,0.6949695610381288
2012-12-01,Lanzarote,59.72,37.96,0.6356329537843269
2013-01-01,Lanzarote,57.78,39.05,0.6758393907926618
2013-02-01,Lanzarote,57.5,41.05,0.7139130434782608
2013-03-01,Lanzarote,59.94,45.52,0.7594260927594262
2013-04-01,Lanzarote,56.95,39.96,0.7016681299385426
2013-05-01,Lanzarote,54.37,35.96,0.6613941511863161
2013-06-01,Lanzarote,54.85,41.8,0.7620783956244301
2013-07-01,Lanzarote,63.13,48.11,0.7620782512276255
2013-08-01,Lanzarote,71.87,58.65,0.8160567691665507
2013-09-01,Lanzarote,59.42,48.4,0.8145405587344328
2013-10-01,Lanzarote,66.19,53.02,0.8010273455204714
2013-11-01,Lanzarote,66.69,57.27,0.8587494376968062
2013-12-01,Lanzarote,73.03,56.3,0.7709160618923729
2014-01-01,Lanzarote,63.68,52.8,0.829145728643216
2014-02-01,Lanzarote,66.94,57.17,0.8540484015536302
2014-03-01,Lanzarote,68.82,61.97,0.9004649811101425
2014-04-01,Lanzarote,70.78,56.94,0.8044645380050861
2014-05-01,Lanzarote,59.32,40.85,0.6886378961564397
2014-06-01,Lanzarote,64.14,51.83,0.8080760835671967
2014-07-01,Lanzarote,72.82,63.91,0.8776435045317221
2014-08-01,Lanzarote,76.9,69.9,0.9089726918075423
2014-09-01,Lanzarote,72.8,62.51,0.8586538461538462
2014-10-01,Lanzarote,74.21,65.05,0.8765665004716345
2014-11-01,Lanzarote,71.2,61.41,0.8624999999999999
2014-12-01,Lanzarote,83.26,60.06,0.721354792217151
2015-01-01,Lanzarote,71.23,58.09,0.815527165520146
2015-02-01,Lanzarote,75.12,62.34,0.8298722044728435
2015-03-01,Lanzarote,79.79,68.7,0.8610101516480761
2015-04-01,Lanzarote,74.38,57.15,0.7683517074482388
2015-05-01,Lanzarote,66.46,50.17,0.7548901594944328
2015-06-01,Lanzarote,67.35,56.06,0.8323682256867113
2015-07-01,Lanzarote,78.99,67.46,0.85403215596911
2015-08-01,Lanzarote,85.68,77.78,0.907796451914099
2015-09-01,Lanzarote,71.91,65.44,0.9100264219162842
2015-10-01,Lanzarote,70.01,59.13,0.8445936294815026
2015-11-01,Lanzarote,74.94,62.81,0.838137176407793
2015-12-01,Lanzarote,81.03,60.19,0.74281130445514
2016-01-01,Lanzarote,73.44,59.2,0.8061002178649238
2016-02-01,Lanzarote,76.57,65.72,0.8582995951417005
2016-03-01,Lanzarote,78.76,69.7,0.8849669883189436
2016-04-01,Lanzarote,72.32,60.57,0.8375276548672567
2016-05-01,Lanzarote,66.54,55.87,0.8396453261196272
2016-06-01,Lanzarote,69.91,60.24,0.8616793019596625
2016-07-01,Lanzarote,84.71,78.69,0.9289340101522843
2016-08-01,Lanzarote,90.16,81.94,0.9088287488908607
2016-09-01,Lanzarote,77.53,70.69,0.9117760866761253
2016-10-01,Lanzarote,78.0,70.13,0.8991025641025641
2016-11-01,Lanzarote,76.74,67.8,0.8835027365129007
2016-12-01,Lanzarote,84.34,67.03,0.7947593075646194
2017-01-01,Lanzarote,80.03,69.07,0.8630513557415967
2017-02-01,Lanzarote,86.0,74.47,0.8659302325581395
2017-03-01,Lanzarote,85.14,75.81,0.890415785764623
2017-04-01,Lanzarote,88.73,74.97,0.8449227995041135
2017-05-01,Lanzarote,78.64,62.63,0.796414038657172
2017-06-01,Lanzarote,81.27,71.09,0.8747385259013167
2017-07-01,Lanzarote,100.98,88.53,0.8767082590612002
2017-08-01,Lanzarote,108.54,97.4,0.8973650267182606
2017-09-01,Lanzarote,90.39,81.2,0.8983294612235867
2017-10-01,Lanzarote,89.06,77.85,0.8741298001347405
2017-11-01,Lanzarote,88.75,78.11,0.880112676056338
2017-12-01,Lanzarote,93.87,72.48,0.7721316714605305
2018-01-01,Lanzarote,95.11,79.43,0.8351382609609926
2018-02-01,Lanzarote,91.66,76.87,0.83864281038621
2018-03-01,Lanzarote,94.21,82.02,0.8706082156883558
2018-04-01,Lanzarote,90.7,71.12,0.7841234840132305
2018-05-01,Lanzarote,80.8,62.58,0.7745049504950495
2018-06-01,Lanzarote,78.43,65.49,0.8350121127119723
2018-07-01,Lanzarote,95.75,79.9,0.8344647519582246
2018-08-01,Lanzarote,104.64,91.12,0.8707951070336392
2018-09-01,Lanzarote,84.62,76.13,0.8996691089576931
2018-10-01,Lanzarote,86.61,75.3,0.8694146172497402
2018-11-01,Lanzarote,83.31,67.94,0.815508342335854
2018-12-01,Lanzarote,89.05,67.34,0.7562043795620439
2019-01-01,Lanzarote,81.44,66.14,0.81213163064833
2019-02-01,Lanzarote,83.89,67.94,0.8098700679461199
2019-03-01,Lanzarote,88.21,78.84,0.8937762158485434
2019-04-01,Lanzarote,95.22,76.19,0.8001470279353077
2019-05-01,Lanzarote,81.38,62.85,0.7723027770951094
2019-06-01,Lanzarote,82.91,68.04,0.82064889639368
2019-07-01,Lanzarote,103.22,84.63,0.8198992443324936
2019-08-01,Lanzarote,114.52,95.28,0.8319944114565142
2019-09-01,Lanzarote,94.99,82.81,0.8717759764185704
2019-10-01,Lanzarote,98.04,81.02,0.8263973888208893
2019-11-01,Lanzarote,93.05,75.57,0.8121440085975281
2019-12-01,Lanzarote,100.89,78.67,0.7797601348002775
2020-01-01,Lanzarote,92.74,71.42,0.7701099849040328
2020-02-01,Lanzarote,99.6,76.81,0.7711847389558234
2020-03-01,Lanzarote,93.06,41.88,0.45003223726627983
2020-07-01,Lanzarote,88.8,25.83,0.2908783783783784
2020-08-01,Lanzarote,89.18,37.91,0.4250953128504148
2020-09-01,Lanzarote,75.85,17.68,0.23309162821357945
2020-10-01,Lanzarote,82.89,21.78,0.26275787187839306
2020-11-01,Lanzarote,82.53,19.39,0.23494486853265478
2020-12-01,Lanzarote,96.19,21.45,0.2229961534463042
2021-01-01,Lanzarote,75.95,10.07,0.132587228439763
2021-02-01,Lanzarote,69.66,9.54,0.13695090439276486
2021-03-01,Lanzarote,63.68,12.09,0.18985552763819094
2021-04-01,Lanzarote,76.56,15.92,0.20794148380355276
2021-05-01,Lanzarote,85.93,16.97,0.1974863260793669
2021-06-01,Lanzarote,83.2,24.57,0.2953125
2021-07-01,Lanzarote,100.38,42.41,0.4224945208208806
2021-08-01,Lanzarote,112.01,68.41,0.610749040264262
2021-09-01,Lanzarote,101.0,65.98,0.6532673267326733
2021-10-01,Lanzarote,113.01,89.41,0.79116892310415
2021-11-01,Lanzarote,104.61,85.03,0.8128286014721346
2021-12-01,Lanzarote,114.39,72.26,0.6316985750502667
2022-01-01,Lanzarote,100.76,56.48,0.5605398967844382
2022-02-01,Lanzarote,107.37,79.42,0.7396852007078327
2022-03-01,Lanzarote,111.08,96.49,0.8686532229024126
2022-04-01,Lanzarote,115.92,95.98,0.827984817115252
2022-05-01,Lanzarote,98.3,76.1,0.7741607324516785
2022-06-01,Lanzarote,102.41,82.66,0.8071477394785666
2022-07-01,Lanzarote,120.85,103.02,0.8524617294166322
2022-08-01,Lanzarote,134.64,121.32,0.9010695187165776
2022-09-01,Lanzarote,109.79,97.06,0.8840513707987977
2022-10-01,Lanzarote,116.5,99.97,0.8581115879828326
2022-11-01,Lanzarote,111.02,94.7,0.8529994595568366
2022-12-01,Lanzarote,118.62,94.83,0.7994436014162872
2023-01-01,Lanzarote,109.96,95.37,0.867315387413605
2023-02-01,Lanzarote,117.33,102.72,0.8754794170288929
2023-03-01,Lanzarote,116.71,103.26,0.8847570902236314
2023-04-01,Lanzarote,121.72,100.08,0.822214919487348
2023-05-01,Lanzarote,101.35,79.56,0.7850024666995561
2023-06-01,Lanzarote,104.84,88.53,0.8444296070202213
2023-07-01,Lanzarote,129.14,106.64,0.8257704816478242
2023-08-01,Lanzarote,144.56,125.95,0.8712645268400664
2023-09-01,Lanzarote,117.31,101.36,0.8640354615974768
2023-10-01,Lanzarote,124.0,104.86,0.8456451612903225
2023-11-01,Lanzarote,128.2,114.51,0.893213728549142
2023-12-01,Lanzarote,133.12,109.79,0.8247445913461539
2024-01-01,Lanzarote,124.86,108.78,0.8712157616530515
2024-02-01,Lanzarote,129.51,118.19,0.9125936221141225
2024-03-01,Lanzarote,137.12,124.52,0.9081096849474912
2024-04-01,Lanzarote,125.15,102.21,0.8166999600479424
2024-05-01,Lanzarote,111.05,84.76,0.7632597928860874
2024-06-01,Lanzarote,115.07,93.91,0.8161119318675589
2024-07-01,Lanzarote,150.43,124.23,0.8258326131755633
2024-08-01,Lanzarote,156.8,134.28,0.8563775510204081
2024-09-01,Lanzarote,128.56,115.49,0.8983354075917859
2024-10-01,Lanzarote,134.49,119.1,0.8855677002007584
2024-11-01,Lanzarote,135.76,124.95,0.9203741897466118
2024-12-01,Lanzarote,147.8,124.53,0.8425575101488497
2025-01-01,Lanzarote,137.9,124.22,0.9007976794778825
2025-02-01,Lanzarote,147.58,134.53,0.9115733839273613
2025-03-01,Lanzarote,143.62,131.07,0.9126166272106948
2025-04-01,Lanzarote,145.37,120.73,0.8305014789846599
2025-05-01,Lanzarote,119.33,94.77,0.7941841950892483
2025-06-01,Lanzarote,121.01,101.85,0.8416659780183455
2025-07-01,Lanzarote,155.0,135.59,0.8747741935483871
2025-08-01,Lanzarote,164.85,146.35,0.8877767667576585
2025-09-01,Lanzarote,133.76,116.57,0.8714862440191388
2025-10-01,Lanzarote,141.57,124.34,0.8782934237479693
2025-11-01,Lanzarote,139.82,125.38,0.8967243598912888
2025-12-01,Lanzarote,155.44,127.36,0.8193515182707154
2026-01-01,Lanzarote,144.14,126.17,0.8753295407242959
2009-01-01,Tenerife,65.69,48.4,0.7367940325772568
2009-02-01,Tenerife,65.13,42.88,0.6583755565791495
2009-03-01,Tenerife,66.83,41.13,0.6154421666916057
2009-04-01,Tenerife,74.3,44.27,0.5958277254374159
2009-05-01,Tenerife,61.98,30.83,0.49741852210390447
2009-06-01,Tenerife,59.98,32.37,0.5396798932977659
2009-07-01,Tenerife,59.55,35.21,0.5912678421494543
2009-08-01,Tenerife,70.18,45.47,0.6479053861499002
2009-09-01,Tenerife,59.97,33.21,0.5537768884442221
2009-10-01,Tenerife,63.98,34.65,0.5415754923413567
2009-11-01,Tenerife,65.04,38.0,0.5842558425584256
2009-12-01,Tenerife,79.22,46.38,0.5854582176218127
2010-01-01,Tenerife,73.12,49.98,0.6835339168490152
2010-02-01,Tenerife,76.17,55.66,0.7307338847315216
2010-03-01,Tenerife,72.09,49.01,0.6798446386461368
2010-04-01,Tenerife,75.24,44.05,0.5854598617756512
2010-05-01,Tenerife,58.96,31.56,0.5352781546811397
2010-06-01,Tenerife,56.15,32.72,0.5827248441674088
2010-07-01,Tenerife,66.99,42.93,0.6408419167039857
2010-08-01,Tenerife,74.52,53.01,0.711352657004831
2010-09-01,Tenerife,61.91,41.46,0.66968179615571
2010-10-01,Tenerife,72.49,48.48,0.6687819009518554
2010-11-01,Tenerife,71.2,53.44,0.750561797752809
2010-12-01,Tenerife,76.11,51.4,0.6753383261069504
2011-01-01,Tenerife,71.05,56.26,0.7918367346938776
2011-02-01,Tenerife,76.01,65.36,0.8598868569925009
2011-03-01,Tenerife,76.07,63.31,0.8322597607466808
2011-04-01,Tenerife,80.82,61.1,0.7560009898539967
2011-05-01,Tenerife,57.01,35.52,0.6230485879670234
2011-06-01,Tenerife,56.13,37.88,0.6748619276679138
2011-07-01,Tenerife,68.14,49.03,0.7195479894335193
2011-08-01,Tenerife,71.63,56.63,0.7905905346921682
2011-09-01,Tenerife,61.13,46.43,0.7595288728938328
2011-10-01,Tenerife,67.95,50.29,0.7401030169242089
2011-11-01,Tenerife,67.39,55.33,0.8210416975812435
2011-12-01,Tenerife,73.85,55.02,0.7450236966824646
2012-01-01,Tenerife,71.28,61.15,0.8578843995510662
2012-02-01,Tenerife,74.73,63.75,0.8530710558008832
2012-03-01,Tenerife,70.74,56.19,0.7943172179813401
2012-04-01,Tenerife,70.86,50.28,0.7095681625740897
2012-05-01,Tenerife,57.43,37.08,0.6456555807069475
2012-06-01,Tenerife,56.53,39.17,0.6929064213691846
2012-07-01,Tenerife,66.24,48.45,0.7314311594202899
2012-08-01,Tenerife,70.39,52.85,0.7508168773973576
2012-09-01,Tenerife,63.68,48.67,0.7642902010050252
2012-10-01,Tenerife,70.67,53.38,0.7553417291637187
2012-11-01,Tenerife,74.22,58.98,0.7946645109135003
2012-12-01,Tenerife,76.27,57.67,0.7561295397928413
2013-01-01,Tenerife,72.91,60.15,0.8249897133452202
2013-02-01,Tenerife,76.74,65.74,0.8566588480583789
2013-03-01,Tenerife,81.41,66.29,0.8142734307824593
2013-04-01,Tenerife,70.03,49.45,0.7061259460231329
2013-05-01,Tenerife,63.27,41.8,0.6606606606606605
2013-06-01,Tenerife,59.9,42.67,0.7123539232053423
2013-07-01,Tenerife,70.86,50.25,0.7091447925486876
2013-08-01,Tenerife,75.29,57.43,0.762783902244654
2013-09-01,Tenerife,67.62,52.35,0.7741792369121562
2013-10-01,Tenerife,73.24,57.22,0.7812670671764064
2013-11-01,Tenerife,76.15,67.55,0.887065003282994
2013-12-01,Tenerife,80.16,65.91,0.8222305389221557
2014-01-01,Tenerife,78.7,70.24,0.8925031766200762
2014-02-01,Tenerife,80.98,73.26,0.9046678192146209
2014-03-01,Tenerife,81.27,70.69,0.8698166605143349
2014-04-01,Tenerife,80.92,59.9,0.7402372713791399
2014-05-01,Tenerife,66.97,43.44,0.6486486486486486
2014-06-01,Tenerife,65.79,45.72,0.694938440492476
2014-07-01,Tenerife,72.93,52.83,0.7243932538050184
2014-08-01,Tenerife,77.17,62.49,0.809770636257613
2014-09-01,Tenerife,70.08,55.63,0.7938070776255708
2014-10-01,Tenerife,78.75,63.16,0.802031746031746
2014-11-01,Tenerife,80.52,69.19,0.8592896174863388
2014-12-01,Tenerife,85.98,69.96,0.8136775994417306
2015-01-01,Tenerife,83.84,73.44,0.8759541984732824
2015-02-01,Tenerife,85.84,76.44,0.8904939422180801
2015-03-01,Tenerife,88.74,74.56,0.8402073473067388
2015-04-01,Tenerife,85.78,64.35,0.7501748659361156
2015-05-01,Tenerife,69.48,47.29,0.6806275187104203
2015-06-01,Tenerife,70.77,50.82,0.7181008902077152
2015-07-01,Tenerife,79.86,60.49,0.7574505384422741
2015-08-01,Tenerife,88.86,72.97,0.8211793832995724
2015-09-01,Tenerife,78.06,65.3,0.8365359979502945
2015-10-01,Tenerife,86.75,70.96,0.8179827089337175
2015-11-01,Tenerife,91.33,80.38,0.8801051133253038
2015-12-01,Tenerife,96.3,78.91,0.8194184839044653
2016-01-01,Tenerife,93.4,83.28,0.8916488222698072
2016-02-01,Tenerife,99.16,90.99,0.9176079064138766
2016-03-01,Tenerife,98.04,87.76,0.8951448388412893
2016-04-01,Tenerife,85.95,70.78,0.8235020360674811
2016-05-01,Tenerife,75.18,59.25,0.7881085395051874
2016-06-01,Tenerife,80.19,66.23,0.8259134555430853
2016-07-01,Tenerife,84.13,72.36,0.86009746820397
2016-08-01,Tenerife,94.35,84.53,0.8959194488606254
2016-09-01,Tenerife,83.17,74.29,0.893230732235181
2016-10-01,Tenerife,92.76,81.07,0.8739758516601982
2016-11-01,Tenerife,94.18,84.77,0.9000849437247822
2016-12-01,Tenerife,101.04,84.96,0.840855106888361
2017-01-01,Tenerife,100.34,90.62,0.9031293601754037
2017-02-01,Tenerife,103.55,94.6,0.9135683244809271
2017-03-01,Tenerife,103.21,91.46,0.8861544423989923
2017-04-01,Tenerife,100.01,82.75,0.8274172582741726
2017-05-01,Tenerife,79.91,62.66,0.7841321486672507
2017-06-01,Tenerife,80.18,65.71,0.8195310551259665
2017-07-01,Tenerife,90.44,75.29,0.8324856258292792
2017-08-01,Tenerife,97.0,82.9,0.854639175257732
2017-09-01,Tenerife,88.69,77.13,0.8696583605818018
2017-10-01,Tenerife,94.11,78.23,0.8312612899798109
2017-11-01,Tenerife,99.61,86.64,0.8697921895392029
2017-12-01,Tenerife,104.35,82.0,0.785816962146622
2018-01-01,Tenerife,105.34,89.8,0.8524776912853617
2018-02-01,Tenerife,103.12,90.11,0.8738363072148952
2018-03-01,Tenerife,108.1,90.48,0.8370027752081407
2018-04-01,Tenerife,98.09,75.91,0.7738811295748802
2018-05-01,Tenerife,80.57,59.75,0.7415911629638824
2018-06-01,Tenerife,78.72,62.2,0.7901422764227642
2018-07-01,Tenerife,90.72,71.65,0.7897927689594357
2018-08-01,Tenerife,100.01,83.68,0.8367163283671634
2018-09-01,Tenerife,86.89,74.79,0.8607434687535965
2018-10-01,Tenerife,93.7,78.45,0.8372465314834578
2018-11-01,Tenerife,98.05,83.67,0.8533401325854156
2018-12-01,Tenerife,104.24,83.59,0.8018994627782042
2019-01-01,Tenerife,104.73,88.5,0.8450300773417359
2019-02-01,Tenerife,105.48,89.48,0.8483124762988244
2019-03-01,Tenerife,101.21,85.4,0.8437901393142971
2019-04-01,Tenerife,99.52,75.62,0.759847266881029
2019-05-01,Tenerife,81.38,60.53,0.743794544114033
2019-06-01,Tenerife,79.34,62.63,0.7893874464330729
2019-07-01,Tenerife,91.02,71.57,0.7863107009448472
2019-08-01,Tenerife,97.11,79.48,0.8184533003810113
2019-09-01,Tenerife,87.23,72.95,0.8362948526882953
2019-10-01,Tenerife,95.55,76.21,0.7975928833071689
2019-11-01,Tenerife,96.91,81.95,0.8456299659477866
2019-12-01,Tenerife,102.57,83.0,0.809203470800429
2020-01-01,Tenerife,105.31,88.33,0.8387617510207958
2020-02-01,Tenerife,107.14,90.6,0.8456225499346649
2020-03-01,Tenerife,107.64,39.01,0.36241174284652544
2020-07-01,Tenerife,88.37,27.33,0.30926785108068344
2020-08-01,Tenerife,94.69,43.03,0.4544302460661105
2020-09-01,Tenerife,90.16,29.27,0.3246450754214729
2020-10-01,Tenerife,92.79,23.39,0.25207457700183206
2020-11-01,Tenerife,101.13,29.91,0.2957579353307624
2020-12-01,Tenerife,116.66,37.92,0.32504714555117437
2021-01-01,Tenerife,101.26,19.04,0.18803081177167685
2021-02-01,Tenerife,93.83,25.78,0.2747522114462326
2021-03-01,Tenerife,108.91,34.7,0.3186116977320724
2021-04-01,Tenerife,103.37,36.12,0.349424397794331
2021-05-01,Tenerife,95.22,37.21,0.3907792480571309
2021-06-01,Tenerife,93.15,32.58,0.34975845410628015
2021-07-01,Tenerife,100.38,46.14,0.4596533173939032
2021-08-01,Tenerife,99.12,61.61,0.6215698143664246
2021-09-01,Tenerife,98.08,65.07,0.6634380097879282
2021-10-01,Tenerife,114.39,85.66,0.7488416819652067
2021-11-01,Tenerife,113.22,88.94,0.7855502561384914
2021-12-01,Tenerife,121.87,79.45,0.6519241815048823
2022-01-01,Tenerife,115.46,68.48,0.5931058375194873
2022-02-01,Tenerife,118.67,88.28,0.7439116878739361
2022-03-01,Tenerife,119.9,96.76,0.8070058381984988
2022-04-01,Tenerife,123.98,94.43,0.7616551056622036
2022-05-01,Tenerife,93.56,67.49,0.7213552800342026
2022-06-01,Tenerife,98.25,73.61,0.7492111959287532
2022-07-01,Tenerife,110.94,86.24,0.7773571299801695
2022-08-01,Tenerife,118.15,96.63,0.817858654253068
2022-09-01,Tenerife,103.47,84.48,0.8164685416062627
2022-10-01,Tenerife,114.01,92.41,0.810542934830278
2022-11-01,Tenerife,118.92,101.73,0.8554490413723512
2022-12-01,Tenerife,131.6,106.8,0.8115501519756839
2023-01-01,Tenerife,122.85,105.27,0.8568986568986569
2023-02-01,Tenerife,128.58,113.82,0.885207652823145
2023-03-01,Tenerife,125.23,107.73,0.8602571268865288
2023-04-01,Tenerife,123.27,96.67,0.7842135150482681
2023-05-01,Tenerife,102.22,77.17,0.7549403247896693
2023-06-01,Tenerife,103.79,81.98,0.7898641487619231
2023-07-01,Tenerife,123.12,99.82,0.8107537361923326
2023-08-01,Tenerife,129.24,108.93,0.8428505106778087
2023-09-01,Tenerife,112.32,94.68,0.8429487179487181
2023-10-01,Tenerife,124.57,105.42,0.8462711728345509
2023-11-01,Tenerife,137.06,121.65,0.8875674886910843
2023-12-01,Tenerife,146.81,122.66,0.8355016688236496
2024-01-01,Tenerife,142.1,125.07,0.8801548205489093
2024-02-01,Tenerife,146.64,134.78,0.9191216584833607
2024-03-01,Tenerife,148.88,132.52,0.8901128425577648
2024-04-01,Tenerife,129.35,104.71,0.8095090838809431
2024-05-01,Tenerife,110.27,85.04,0.7711979686224723
2024-06-01,Tenerife,109.35,86.98,0.7954275262917239
2024-07-01,Tenerife,131.67,106.64,0.8099035467456521
2024-08-01,Tenerife,139.91,117.9,0.8426845829461798
2024-09-01,Tenerife,124.74,105.59,0.8464806798140132
2024-10-01,Tenerife,134.32,114.72,0.8540798094103633
2024-11-01,Tenerife,146.64,129.45,0.8827741407528642
2024-12-01,Tenerife,159.29,132.19,0.8298700483395066
2025-01-01,Tenerife,151.32,132.2,0.8736452550885541
2025-02-01,Tenerife,151.22,135.66,0.8971035577304589
2025-03-01,Tenerife,151.1,130.22,0.8618133686300463
2025-04-01,Tenerife,149.05,114.64,0.7691378731969137
2025-05-01,Tenerife,115.62,88.82,0.7682061927002248
2025-06-01,Tenerife,118.06,95.51,0.8089954260545485
2025-07-01,Tenerife,137.68,112.96,0.820453224869262
2025-08-01,Tenerife,146.91,123.32,0.8394254986045878
2025-09-01,Tenerife,128.68,107.6,0.8361827789866334
2025-10-01,Tenerife,141.37,119.67,0.8465020867227842
2025-11-01,Tenerife,151.11,132.33,0.8757196744093707
2025-12-01,Tenerife,171.63,138.32,0.8059197110062343
2026-01-01,Tenerife,169.45,142.77,0.8425494246090294
