fecha,isla,turistas
2010-01-01,Fuerteventura,95278.0
2010-02-01,Fuerteventura,97400.0
2010-03-01,Fuerteventura,128303.0
2010-04-01,Fuerteventura,100129.0
2010-05-01,Fuerteventura,105076.0
2010-06-01,Fuerteventura,122108.0
2010-07-01,Fuerteventura,153995.0
2010-08-01,Fuerteventura,164801.0
2010-09-01,Fuerteventura,119596.0
2010-10-01,Fuerteventura,142600.0
2010-11-01,Fuerteventura,138015.0
2010-12-01,Fuerteventura,123656.0
2011-01-01,Fuerteventura,127184.0
2011-02-01,Fuerteventura,157340.0
2011-03-01,Fuerteventura,184317.0
2011-04-01,Fuerteventura,164651.0
2011-05-01,Fuerteventura,121274.0
2011-06-01,Fuerteventura,136470.0
2011-07-01,Fuerteventura,173489.0
2011-08-01,Fuerteventura,174570.0
2011-09-01,Fuerteventura,148838.0
2011-10-01,Fuerteventura,172798.0
2011-11-01,Fuerteventura,147648.0
2011-12-01,Fuerteventura,143325.0
2012-01-01,Fuerteventura,129855.0
2012-02-01,Fuerteventura,134219.0
2012-03-01,Fuerteventura,161407.0
2012-04-01,Fuerteventura,130702.0
2012-05-01,Fuerteventura,104345.0
2012-06-01,Fuerteventura,131647.0
2012-07-01,Fuerteventura,161854.0
2012-08-01,Fuerteventura,164618.0
2012-09-01,Fuerteventura,145999.0
2012-10-01,Fuerteventura,162146.0
2012-11-01,Fuerteventura,125970.0
2012-12-01,Fuerteventura,136403.0
2013-01-01,Fuerteventura,124369.0
2013-02-01,Fuerteventura,126095.0
2013-03-01,Fuerteventura,165347.0
2013-04-01,Fuerteventura,133032.0
2013-05-01,Fuerteventura,120895.0
2013-06-01,Fuerteventura,129710.0
2013-07-01,Fuerteventura,169374.0
2013-08-01,Fuerteventura,179503.0
2013-09-01,Fuerteventura,153879.0
2013-10-01,Fuerteventura,163627.0
2013-11-01,Fuerteventura,153770.0
2013-12-01,Fuerteventura,153530.0
2014-01-01,Fuerteventura,129159.0
2014-02-01,Fuerteventura,134151.0
2014-03-01,Fuerteventura,150579.0
2014-04-01,Fuerteventura,163157.0
2014-05-01,Fuerteventura,144346.0
2014-06-01,Fuerteventura,150548.0
2014-07-01,Fuerteventura,179203.0
2014-08-01,Fuerteventura,192024.0
2014-09-01,Fuerteventura,166908.0
2014-10-01,Fuerteventura,172098.0
2014-11-01,Fuerteventura,153721.0
2014-12-01,Fuerteventura,148723.0
2015-01-01,Fuerteventura,138014.0
2015-02-01,Fuerteventura,146881.0
2015-03-01,Fuerteventura,163841.0
2015-04-01,Fuerteventura,157188.0
2015-05-01,Fuerteventura,145555.0
2015-06-01,Fuerteventura,153760.0
2015-07-01,Fuerteventura,188883.0
2015-08-01,Fuerteventura,208080.0
2015-09-01,Fuerteventura,162151.0
2015-10-01,Fuerteventura,198642.0
2015-11-01,Fuerteventura,153427.0
2015-12-01,Fuerteventura,152353.0
2016-01-01,Fuerteventura,165213.0
2016-02-01,Fuerteventura,172099.0
2016-03-01,Fuerteventura,187836.0
2016-04-01,Fuerteventura,176862.0
2016-05-01,Fuerteventura,167902.0
2016-06-01,Fuerteventura,164897.0
2016-07-01,Fuerteventura,209724.0
2016-08-01,Fuerteventura,202219.0
2016-09-01,Fuerteventura,170461.0
2016-10-01,Fuerteventura,214152.0
2016-11-01,Fuerteventura,168903.0
2016-12-01,Fuerteventura,176658.0
2017-01-01,Fuerteventura,160829.0
2017-02-01,Fuerteventura,170259.0
2017-03-01,Fuerteventura,192202.0
2017-04-01,Fuerteventura,197982.0
2017-05-01,Fuerteventura,168119.0
2017-06-01,Fuerteventura,170914.0
2017-07-01,Fuerteventura,207539.0
2017-08-01,Fuerteventura,205437.0
2017-09-01,Fuerteventura,180225.0
2017-10-01,Fuerteventura,214691.0
2017-11-01,Fuerteventura,172156.0
2017-12-01,Fuerteventura,178296.0
2018-01-01,Fuerteventura,158513.0
2018-02-01,Fuerteventura,164400.0
2018-03-01,Fuerteventura,197649.0
2018-04-01,Fuerteventura,167703.0
2018-05-01,Fuerteventura,157468.0
2018-06-01,Fuerteventura,177300.0
2018-07-01,Fuerteventura,205465.0
2018-08-01,Fuerteventura,200473.0
2018-09-01,Fuerteventura,177689.0
2018-10-01,Fuerteventura,203127.0
2018-11-01,Fuerteventura,150608.0
2018-12-01,Fuerteventura,163682.0
2019-01-01,Fuerteventura,145725.0
2019-02-01,Fuerteventura,139866.0
2019-03-01,Fuerteventura,178353.0
2019-04-01,Fuerteventura,169166.0
2019-05-01,Fuerteventura,137881.0
2019-06-01,Fuerteventura,157157.0
2019-07-01,Fuerteventura,168962.0
2019-08-01,Fuerteventura,170839.0
2019-09-01,Fuerteventura,151909.0
2019-10-01,Fuerteventura,173568.0
2019-11-01,Fuerteventura,151243.0
2019-12-01,Fuerteventura,150277.0
2020-01-01,Fuerteventura,131210.0
2020-02-01,Fuerteventura,161529.0
2020-03-01,Fuerteventura,68814.0
2020-06-01,Fuerteventura,557.0
2020-07-01,Fuerteventura,52124.0
2020-08-01,Fuerteventura,72176.0
2020-09-01,Fuerteventura,24563.0
2020-10-01,Fuerteventura,27413.0
2020-11-01,Fuerteventura,28609.0
2020-12-01,Fuerteventura,33539.0
2021-01-01,Fuerteventura,17731.0
2021-02-01,Fuerteventura,12322.0
2021-03-01,Fuerteventura,21254.0
2021-04-01,Fuerteventura,22037.0
2021-05-01,Fuerteventura,37299.0
2021-06-01,Fuerteventura,52324.0
2021-07-01,Fuerteventura,102178.0
2021-08-01,Fuerteventura,134195.0
2021-09-01,Fuerteventura,114754.0
2021-10-01,Fuerteventura,166728.0
2021-11-01,Fuerteventura,155070.0
2021-12-01,Fuerteventura,133880.0
2022-01-01,Fuerteventura,96901.0
2022-02-01,Fuerteventura,139956.0
2022-03-01,Fuerteventura,161077.0
2022-04-01,Fuerteventura,175769.0
2022-05-01,Fuerteventura,152060.0
2022-06-01,Fuerteventura,165486.0
2022-07-01,Fuerteventura,199724.0
2022-08-01,Fuerteventura,202066.0
2022-09-01,Fuerteventura,176586.0
2022-10-01,Fuerteventura,206242.0
2022-11-01,Fuerteventura,182869.0
2022-12-01,Fuerteventura,198759.0
2023-01-01,Fuerteventura,170697.0
2023-02-01,Fuerteventura,183123.0
2023-03-01,Fuerteventura,206021.0
2023-04-01,Fuerteventura,194775.0
2023-05-01,Fuerteventura,164027.0
2023-06-01,Fuerteventura,171601.0
2023-07-01,Fuerteventura,194625.0
2023-08-01,Fuerteventura,193020.0
2023-09-01,Fuerteventura,181168.0
2023-10-01,Fuerteventura,203590.0
2023-11-01,Fuerteventura,204080.0
2023-12-01,Fuerteventura,208132.0
2024-01-01,Fuerteventura,194146.0
2024-02-01,Fuerteventura,214692.0
2024-03-01,Fuerteventura,239527.0
2024-04-01,Fuerteventura,191994.0
2024-05-01,Fuerteventura,177360.0
2024-06-01,Fuerteventura,187517.0
2024-07-01,Fuerteventura,208694.0
2024-08-01,Fuerteventura,211185.0
2024-09-01,Fuerteventura,192409.0
2024-10-01,Fuerteventura,220263.0
2024-11-01,Fuerteventura,227149.0
2024-12-01,Fuerteventura,228180.0
2025-01-01,Fuerteventura,212431.0
2025-02-01,Fuerteventura,231700.0
2025-03-01,Fuerteventura,253059.0
2025-04-01,Fuerteventura,223147.0
2025-05-01,Fuerteventura,196762.0
2025-06-01,Fuerteventura,203560.0
2025-07-01,Fuerteventura,239946.0
2025-08-01,Fuerteventura,240012.0
2025-09-01,Fuerteventura,214626.0
2025-10-01,Fuerteventura,238849.0
2025-11-01,Fuerteventura,229818.0
2025-12-01,Fuerteventura,225686.0
2026-01-01,Fuerteventura,210324.0
2026-02-01,Fuerteventura,228043.0
2026-03-01,Fuerteventura,255514.0
2026-04-01,Fuerteventura,203155.0
2026-05-01,Fuerteventura,191364.0
2010-01-01,Gran Canaria,290465.0
2010-02-01,Gran Canaria,276876.0
2010-03-01,Gran Canaria,300470.0
2010-04-01,Gran Canaria,193218.0
2010-05-01,Gran Canaria,190268.0
2010-06-01,Gran Canaria,179519.0
2010-07-01,Gran Canaria,207596.0
2010-08-01,Gran Canaria,234627.0
2010-09-01,Gran Canaria,192234.0
2010-10-01,Gran Canaria,263516.0
2010-11-01,Gran Canaria,289141.0
2010-12-01,Gran Canaria,280934.0
2011-01-01,Gran Canaria,311604.0
2011-02-01,Gran Canaria,291784.0
2011-03-01,Gran Canaria,314244.0
2011-04-01,Gran Canaria,267562.0
2011-05-01,Gran Canaria,194423.0
2011-06-01,Gran Canaria,204571.0
2011-07-01,Gran Canaria,251723.0
2011-08-01,Gran Canaria,261161.0
2011-09-01,Gran Canaria,203398.0
2011-10-01,Gran Canaria,292941.0
2011-11-01,Gran Canaria,304609.0
2011-12-01,Gran Canaria,324162.0
2012-01-01,Gran Canaria,315338.0
2012-02-01,Gran Canaria,313172.0
2012-03-01,Gran Canaria,319085.0
2012-04-01,Gran Canaria,233929.0
2012-05-01,Gran Canaria,199064.0
2012-06-01,Gran Canaria,204062.0
2012-07-01,Gran Canaria,250662.0
2012-08-01,Gran Canaria,259590.0
2012-09-01,Gran Canaria,221021.0
2012-10-01,Gran Canaria,277643.0
2012-11-01,Gran Canaria,302100.0
2012-12-01,Gran Canaria,319370.0
2013-01-01,Gran Canaria,303244.0
2013-02-01,Gran Canaria,303468.0
2013-03-01,Gran Canaria,326636.0
2013-04-01,Gran Canaria,214512.0
2013-05-01,Gran Canaria,202699.0
2013-06-01,Gran Canaria,204953.0
2013-07-01,Gran Canaria,260362.0
2013-08-01,Gran Canaria,263616.0
2013-09-01,Gran Canaria,234381.0
2013-10-01,Gran Canaria,309151.0
2013-11-01,Gran Canaria,365414.0
2013-12-01,Gran Canaria,374193.0
2014-01-01,Gran Canaria,346070.0
2014-02-01,Gran Canaria,316132.0
2014-03-01,Gran Canaria,363008.0
2014-04-01,Gran Canaria,266947.0
2014-05-01,Gran Canaria,210965.0
2014-06-01,Gran Canaria,209117.0
2014-07-01,Gran Canaria,276545.0
2014-08-01,Gran Canaria,289812.0
2014-09-01,Gran Canaria,234397.0
2014-10-01,Gran Canaria,306315.0
2014-11-01,Gran Canaria,352363.0
2014-12-01,Gran Canaria,362206.0
2015-01-01,Gran Canaria,359671.0
2015-02-01,Gran Canaria,317756.0
2015-03-01,Gran Canaria,318917.0
2015-04-01,Gran Canaria,270179.0
2015-05-01,Gran Canaria,225676.0
2015-06-01,Gran Canaria,217994.0
2015-07-01,Gran Canaria,288865.0
2015-08-01,Gran Canaria,292319.0
2015-09-01,Gran Canaria,255892.0
2015-10-01,Gran Canaria,340135.0
2015-11-01,Gran Canaria,372039.0
2015-12-01,Gran Canaria,390954.0
2016-01-01,Gran Canaria,385830.0
2016-02-01,Gran Canaria,348816.0
2016-03-01,Gran Canaria,367729.0
2016-04-01,Gran Canaria,305456.0
2016-05-01,Gran Canaria,260604.0
2016-06-01,Gran Canaria,270623.0
2016-07-01,Gran Canaria,354510.0
2016-08-01,Gran Canaria,347710.0
2016-09-01,Gran Canaria,302105.0
2016-10-01,Gran Canaria,402790.0
2016-11-01,Gran Canaria,387333.0
2016-12-01,Gran Canaria,402601.0
2017-01-01,Gran Canaria,386961.0
2017-02-01,Gran Canaria,370716.0
2017-03-01,Gran Canaria,417814.0
2017-04-01,Gran Canaria,387833.0
2017-05-01,Gran Canaria,280111.0
2017-06-01,Gran Canaria,296402.0
2017-07-01,Gran Canaria,370624.0
2017-08-01,Gran Canaria,376286.0
2017-09-01,Gran Canaria,345710.0
2017-10-01,Gran Canaria,412245.0
2017-11-01,Gran Canaria,418479.0
2017-12-01,Gran Canaria,414782.0
2018-01-01,Gran Canaria,418655.0
2018-02-01,Gran Canaria,386684.0
2018-03-01,Gran Canaria,432152.0
2018-04-01,Gran Canaria,336764.0
2018-05-01,Gran Canaria,277906.0
2018-06-01,Gran Canaria,295054.0
2018-07-01,Gran Canaria,367699.0
2018-08-01,Gran Canaria,365690.0
2018-09-01,Gran Canaria,321968.0
2018-10-01,Gran Canaria,391723.0
2018-11-01,Gran Canaria,396021.0
2018-12-01,Gran Canaria,413284.0
2019-01-01,Gran Canaria,413215.0
2019-02-01,Gran Canaria,387168.0
2019-03-01,Gran Canaria,443778.0
2019-04-01,Gran Canaria,317388.0
2019-05-01,Gran Canaria,257789.0
2019-06-01,Gran Canaria,267626.0
2019-07-01,Gran Canaria,330536.0
2019-08-01,Gran Canaria,323679.0
2019-09-01,Gran Canaria,288433.0
2019-10-01,Gran Canaria,351275.0
2019-11-01,Gran Canaria,402791.0
2019-12-01,Gran Canaria,410394.0
2020-01-01,Gran Canaria,391217.0
2020-02-01,Gran Canaria,384035.0
2020-03-01,Gran Canaria,138620.0
2020-06-01,Gran Canaria,6271.0
2020-07-01,Gran Canaria,68903.0
2020-08-01,Gran Canaria,99955.0
2020-09-01,Gran Canaria,37138.0
2020-10-01,Gran Canaria,41890.0
2020-11-01,Gran Canaria,60363.0
2020-12-01,Gran Canaria,72973.0
2021-01-01,Gran Canaria,38892.0
2021-02-01,Gran Canaria,29738.0
2021-03-01,Gran Canaria,46789.0
2021-04-01,Gran Canaria,51282.0
2021-05-01,Gran Canaria,66688.0
2021-06-01,Gran Canaria,92949.0
2021-07-01,Gran Canaria,144627.0
2021-08-01,Gran Canaria,189955.0
2021-09-01,Gran Canaria,192295.0
2021-10-01,Gran Canaria,289689.0
2021-11-01,Gran Canaria,301179.0
2021-12-01,Gran Canaria,312176.0
2022-01-01,Gran Canaria,248343.0
2022-02-01,Gran Canaria,285267.0
2022-03-01,Gran Canaria,316852.0
2022-04-01,Gran Canaria,338555.0
2022-05-01,Gran Canaria,255580.0
2022-06-01,Gran Canaria,262944.0
2022-07-01,Gran Canaria,313128.0
2022-08-01,Gran Canaria,328263.0
2022-09-01,Gran Canaria,272739.0
2022-10-01,Gran Canaria,372120.0
2022-11-01,Gran Canaria,383373.0
2022-12-01,Gran Canaria,411447.0
2023-01-01,Gran Canaria,398453.0
2023-02-01,Gran Canaria,384494.0
2023-03-01,Gran Canaria,396534.0
2023-04-01,Gran Canaria,347046.0
2023-05-01,Gran Canaria,266431.0
2023-06-01,Gran Canaria,266540.0
2023-07-01,Gran Canaria,321886.0
2023-08-01,Gran Canaria,321107.0
2023-09-01,Gran Canaria,295635.0
2023-10-01,Gran Canaria,386989.0
2023-11-01,Gran Canaria,408104.0
2023-12-01,Gran Canaria,441922.0
2024-01-01,Gran Canaria,427388.0
2024-02-01,Gran Canaria,450274.0
2024-03-01,Gran Canaria,481665.0
2024-04-01,Gran Canaria,352423.0
2024-05-01,Gran Canaria,294006.0
2024-06-01,Gran Canaria,290642.0
2024-07-01,Gran Canaria,323976.0
2024-08-01,Gran Canaria,335413.0
2024-09-01,Gran Canaria,312185.0
2024-10-01,Gran Canaria,410664.0
2024-11-01,Gran Canaria,445886.0
2024-12-01,Gran Canaria,462883.0
2025-01-01,Gran Canaria,447027.0
2025-02-01,Gran Canaria,449148.0
2025-03-01,Gran Canaria,472948.0
2025-04-01,Gran Canaria,377332.0
2025-05-01,Gran Canaria,308218.0
2025-06-01,Gran Canaria,310632.0
2025-07-01,Gran Canaria,356019.0
2025-08-01,Gran Canaria,358733.0
2025-09-01,Gran Canaria,331173.0
2025-10-01,Gran Canaria,408307.0
2025-11-01,Gran Canaria,444570.0
2025-12-01,Gran Canaria,461447.0
2026-01-01,Gran Canaria,456475.0
2026-02-01,Gran Canaria,447582.0
2026-03-01,Gran Canaria,470348.0
2026-04-01,Gran Canaria,368779.0
2026-05-01,Gran Canaria,303767.0
2017-01-01,La Gomera,16512.0
2017-02-01,La Gomera,14802.0
2017-03-01,La Gomera,18968.0
2017-04-01,La Gomera,17789.0
2017-05-01,La Gomera,13258.0
2017-06-01,La Gomera,12073.0
2017-07-01,La Gomera,21219.0
2017-08-01,La Gomera,25779.0
2017-09-01,La Gomera,19950.0
2017-10-01,La Gomera,21652.0
2017-11-01,La Gomera,19817.0
2017-12-01,La Gomera,17478.0
2018-02-01,La Gomera,18624.0
2018-03-01,La Gomera,19061.0
2018-04-01,La Gomera,15005.0
2018-05-01,La Gomera,14612.0
2018-06-01,La Gomera,13139.0
2018-07-01,La Gomera,20022.0
2018-08-01,La Gomera,25721.0
2018-09-01,La Gomera,19277.0
2018-10-01,La Gomera,22148.0
2018-11-01,La Gomera,18283.0
2018-12-01,La Gomera,17367.0
2019-01-01,La Gomera,16203.0
2019-02-01,La Gomera,17379.0
2019-03-01,La Gomera,18630.0
2019-04-01,La Gomera,16276.0
2019-05-01,La Gomera,13621.0
2019-06-01,La Gomera,13577.0
2019-07-01,La Gomera,19345.0
2019-08-01,La Gomera,23061.0
2019-09-01,La Gomera,16636.0
2019-10-01,La Gomera,16801.0
2019-11-01,La Gomera,16706.0
2019-12-01,La Gomera,16602.0
2020-01-01,La Gomera,15954.0
2020-02-01,La Gomera,16585.0
2020-03-01,La Gomera,7077.0
2020-07-01,La Gomera,18239.0
2020-08-01,La Gomera,23372.0
2020-09-01,La Gomera,14013.0
2020-10-01,La Gomera,7578.0
2020-11-01,La Gomera,6805.0
2020-12-01,La Gomera,8550.0
2021-01-01,La Gomera,5016.0
2021-02-01,La Gomera,7219.0
2021-03-01,La Gomera,8675.0
2021-04-01,La Gomera,5085.0
2021-05-01,La Gomera,9047.0
2021-06-01,La Gomera,8665.0
2021-07-01,La Gomera,16903.0
2021-08-01,La Gomera,17803.0
2021-09-01,La Gomera,14302.0
2021-10-01,La Gomera,12947.0
2021-11-01,La Gomera,11159.0
2021-12-01,La Gomera,12171.0
2022-01-01,La Gomera,10723.0
2022-02-01,La Gomera,11176.0
2022-03-01,La Gomera,12160.0
2022-04-01,La Gomera,14484.0
2022-05-01,La Gomera,11109.0
2022-06-01,La Gomera,9311.0
2022-07-01,La Gomera,16656.0
2022-08-01,La Gomera,23366.0
2022-09-01,La Gomera,13214.0
2022-10-01,La Gomera,12556.0
2022-11-01,La Gomera,11737.0
2022-12-01,La Gomera,12137.0
2023-01-01,La Gomera,12530.0
2023-02-01,La Gomera,11267.0
2023-03-01,La Gomera,12793.0
2023-04-01,La Gomera,13425.0
2023-05-01,La Gomera,11180.0
2023-06-01,La Gomera,11279.0
2023-07-01,La Gomera,14863.0
2023-08-01,La Gomera,19875.0
2023-09-01,La Gomera,15622.0
2023-10-01,La Gomera,16271.0
2023-11-01,La Gomera,13991.0
2023-12-01,La Gomera,13251.0
2024-01-01,La Gomera,12366.0
2024-02-01,La Gomera,13358.0
2024-03-01,La Gomera,12992.0
2024-04-01,La Gomera,9708.0
2024-05-01,La Gomera,8859.0
2024-06-01,La Gomera,10742.0
2024-07-01,La Gomera,14862.0
2024-08-01,La Gomera,23484.0
2024-09-01,La Gomera,13336.0
2024-10-01,La Gomera,16274.0
2024-11-01,La Gomera,12929.0
2024-12-01,La Gomera,17322.0
2025-01-01,La Gomera,14567.0
2025-02-01,La Gomera,16005.0
2025-03-01,La Gomera,19745.0
2025-04-01,La Gomera,16809.0
2025-05-01,La Gomera,13614.0
2025-06-01,La Gomera,16183.0
2010-01-01,La Palma,14918.0
2010-02-01,La Palma,15547.0
2010-03-01,La Palma,16404.0
2010-04-01,La Palma,11701.0
2010-05-01,La Palma,9029.0
2010-06-01,La Palma,8481.0
2010-07-01,La Palma,11838.0
2010-08-01,La Palma,14592.0
2010-09-01,La Palma,9833.0
2010-10-01,La Palma,11107.0
2010-11-01,La Palma,13908.0
2010-12-01,La Palma,13623.0
2011-01-01,La Palma,14950.0
2011-02-01,La Palma,13404.0
2011-03-01,La Palma,16359.0
2011-04-01,La Palma,13535.0
2011-05-01,La Palma,9784.0
2011-06-01,La Palma,9811.0
2011-07-01,La Palma,15302.0
2011-08-01,La Palma,16336.0
2011-09-01,La Palma,14293.0
2011-10-01,La Palma,13523.0
2011-11-01,La Palma,16283.0
2011-12-01,La Palma,13698.0
2012-01-01,La Palma,14967.0
2012-02-01,La Palma,16292.0
2012-03-01,La Palma,14404.0
2012-04-01,La Palma,12040.0
2012-05-01,La Palma,9671.0
2012-06-01,La Palma,10319.0
2012-07-01,La Palma,17465.0
2012-08-01,La Palma,17739.0
2012-09-01,La Palma,12684.0
2012-10-01,La Palma,15230.0
2012-11-01,La Palma,14530.0
2012-12-01,La Palma,12366.0
2013-01-01,La Palma,12405.0
2013-02-01,La Palma,14999.0
2013-03-01,La Palma,15174.0
2013-04-01,La Palma,11729.0
2013-05-01,La Palma,9840.0
2013-06-01,La Palma,7609.0
2013-07-01,La Palma,12346.0
2013-08-01,La Palma,15955.0
2013-09-01,La Palma,11571.0
2013-10-01,La Palma,12259.0
2013-11-01,La Palma,14070.0
2013-12-01,La Palma,12529.0
2014-01-01,La Palma,12774.0
2014-02-01,La Palma,13211.0
2014-03-01,La Palma,14935.0
2014-04-01,La Palma,15012.0
2014-05-01,La Palma,10819.0
2014-06-01,La Palma,9154.0
2014-07-01,La Palma,13344.0
2014-08-01,La Palma,18130.0
2014-09-01,La Palma,11546.0
2014-10-01,La Palma,13739.0
2014-11-01,La Palma,15191.0
2014-12-01,La Palma,14137.0
2015-01-01,La Palma,15318.0
2015-02-01,La Palma,14047.0
2015-03-01,La Palma,17383.0
2015-04-01,La Palma,19326.0
2015-05-01,La Palma,12632.0
2015-06-01,La Palma,10978.0
2015-07-01,La Palma,16316.0
2015-08-01,La Palma,17295.0
2015-09-01,La Palma,13435.0
2015-10-01,La Palma,18494.0
2015-11-01,La Palma,15937.0
2015-12-01,La Palma,17171.0
2016-01-01,La Palma,20728.0
2016-02-01,La Palma,21698.0
2016-03-01,La Palma,22006.0
2016-04-01,La Palma,16123.0
2016-05-01,La Palma,17621.0
2016-06-01,La Palma,15564.0
2016-07-01,La Palma,16879.0
2016-08-01,La Palma,22221.0
2016-09-01,La Palma,16125.0
2016-10-01,La Palma,20441.0
2016-11-01,La Palma,25919.0
2016-12-01,La Palma,22996.0
2017-01-01,La Palma,27729.0
2017-02-01,La Palma,26017.0
2017-03-01,La Palma,29838.0
2017-04-01,La Palma,25758.0
2017-05-01,La Palma,19055.0
2017-06-01,La Palma,15674.0
2017-07-01,La Palma,21373.0
2017-08-01,La Palma,25653.0
2017-09-01,La Palma,20267.0
2017-10-01,La Palma,21440.0
2017-11-01,La Palma,32413.0
2017-12-01,La Palma,28683.0
2018-01-01,La Palma,31813.0
2018-02-01,La Palma,26173.0
2018-03-01,La Palma,28998.0
2018-04-01,La Palma,21752.0
2018-05-01,La Palma,20291.0
2018-06-01,La Palma,17081.0
2018-07-01,La Palma,20582.0
2018-08-01,La Palma,22617.0
2018-09-01,La Palma,19586.0
2018-10-01,La Palma,19399.0
2018-11-01,La Palma,23009.0
2018-12-01,La Palma,23267.0
2019-01-01,La Palma,23278.0
2019-02-01,La Palma,21896.0
2019-03-01,La Palma,26833.0
2019-04-01,La Palma,22089.0
2019-05-01,La Palma,17477.0
2019-06-01,La Palma,16407.0
2019-07-01,La Palma,20435.0
2019-08-01,La Palma,22599.0
2019-09-01,La Palma,19562.0
2019-10-01,La Palma,22582.0
2019-11-01,La Palma,24101.0
2019-12-01,La Palma,20593.0
2020-01-01,La Palma,21049.0
2020-02-01,La Palma,21044.0
2020-03-01,La Palma,9664.0
2020-06-01,La Palma,5.0
2020-07-01,La Palma,3875.0
2020-08-01,La Palma,8830.0
2020-09-01,La Palma,5853.0
2020-10-01,La Palma,3766.0
2020-11-01,La Palma,3794.0
2020-12-01,La Palma,3956.0
2021-01-01,La Palma,3211.0
2021-02-01,La Palma,3065.0
2021-03-01,La Palma,3847.0
2021-04-01,La Palma,2680.0
2021-05-01,La Palma,4664.0
2021-06-01,La Palma,8847.0
2021-07-01,La Palma,14323.0
2021-08-01,La Palma,19080.0
2021-09-01,La Palma,15782.0
2021-10-01,La Palma,10901.0
2021-11-01,La Palma,13165.0
2021-12-01,La Palma,11150.0
2022-01-01,La Palma,5801.0
2022-02-01,La Palma,6036.0
2022-03-01,La Palma,10581.0
2022-04-01,La Palma,14622.0
2022-05-01,La Palma,12416.0
2022-06-01,La Palma,10816.0
2022-07-01,La Palma,14291.0
2022-08-01,La Palma,16788.0
2022-09-01,La Palma,13746.0
2022-10-01,La Palma,13860.0
2022-11-01,La Palma,14601.0
2022-12-01,La Palma,12726.0
2023-01-01,La Palma,13636.0
2023-02-01,La Palma,10496.0
2023-03-01,La Palma,14046.0
2023-04-01,La Palma,11179.0
2023-05-01,La Palma,7711.0
2023-06-01,La Palma,8471.0
2023-07-01,La Palma,11748.0
2023-08-01,La Palma,12806.0
2023-09-01,La Palma,11839.0
2023-10-01,La Palma,10791.0
2023-11-01,La Palma,17541.0
2023-12-01,La Palma,18456.0
2024-01-01,La Palma,19320.0
2024-02-01,La Palma,15562.0
2024-03-01,La Palma,19366.0
2024-04-01,La Palma,13633.0
2024-05-01,La Palma,10121.0
2024-06-01,La Palma,8896.0
2024-07-01,La Palma,11885.0
2024-08-01,La Palma,13728.0
2024-09-01,La Palma,9863.0
2024-10-01,La Palma,11973.0
2024-11-01,La Palma,18831.0
2024-12-01,La Palma,16969.0
2025-01-01,La Palma,20308.0
2025-02-01,La Palma,17302.0
2025-03-01,La Palma,19707.0
2025-04-01,La Palma,14579.0
2025-05-01,La Palma,13645.0
2025-06-01,La Palma,10431.0
2025-07-01,La Palma,14011.0
2025-08-01,La Palma,17909.0
2025-09-01,La Palma,15256.0
2025-10-01,La Palma,15246.0
2025-11-01,La Palma,22797.0
2025-12-01,La Palma,21009.0
2026-01-01,La Palma,21817.0
2026-02-01,La Palma,19228.0
2026-03-01,La Palma,19575.0
2026-04-01,La Palma,18830.0
2026-05-01,La Palma,15528.0
2010-01-01,Lanzarote,139185.0
2010-02-01,Lanzarote,148227.0
2010-03-01,Lanzarote,170941.0
2010-04-01,Lanzarote,127111.0
2010-05-01,Lanzarote,129898.0
2010-06-01,Lanzarote,141583.0
2010-07-01,Lanzarote,190277.0
2010-08-01,Lanzarote,209626.0
2010-09-01,Lanzarote,168532.0
2010-10-01,Lanzarote,168872.0
2010-11-01,Lanzarote,152304.0
2010-12-01,Lanzarote,142766.0
2011-01-01,Lanzarote,154899.0
2011-02-01,Lanzarote,163370.0
2011-03-01,Lanzarote,198600.0
2011-04-01,Lanzarote,187759.0
2011-05-01,Lanzarote,153471.0
2011-06-01,Lanzarote,164330.0
2011-07-01,Lanzarote,198214.0
2011-08-01,Lanzarote,212565.0
2011-09-01,Lanzarote,187180.0
2011-10-01,Lanzarote,193989.0
2011-11-01,Lanzarote,157083.0
2011-12-01,Lanzarote,161087.0
2012-01-01,Lanzarote,153318.0
2012-02-01,Lanzarote,158573.0
2012-03-01,Lanzarote,175294.0
2012-04-01,Lanzarote,161879.0
2012-05-01,Lanzarote,152526.0
2012-06-01,Lanzarote,158922.0
2012-07-01,Lanzarote,201383.0
2012-08-01,Lanzarote,193005.0
2012-09-01,Lanzarote,175502.0
2012-10-01,Lanzarote,192382.0
2012-11-01,Lanzarote,157194.0
2012-12-01,Lanzarote,160431.0
2013-01-01,Lanzarote,146919.0
2013-02-01,Lanzarote,154341.0
2013-03-01,Lanzarote,187373.0
2013-04-01,Lanzarote,151477.0
2013-05-01,Lanzarote,162781.0
2013-06-01,Lanzarote,173342.0
2013-07-01,Lanzarote,197540.0
2013-08-01,Lanzarote,221512.0
2013-09-01,Lanzarote,180039.0
2013-10-01,Lanzarote,201195.0
2013-11-01,Lanzarote,183765.0
2013-12-01,Lanzarote,173768.0
2014-01-01,Lanzarote,160616.0
2014-02-01,Lanzarote,175394.0
2014-03-01,Lanzarote,196858.0
2014-04-01,Lanzarote,198574.0
2014-05-01,Lanzarote,168076.0
2014-06-01,Lanzarote,184956.0
2014-07-01,Lanzarote,221762.0
2014-08-01,Lanzarote,220135.0
2014-09-01,Lanzarote,186007.0
2014-10-01,Lanzarote,213122.0
2014-11-01,Lanzarote,177677.0
2014-12-01,Lanzarote,168138.0
2015-01-01,Lanzarote,167387.0
2015-02-01,Lanzarote,182608.0
2015-03-01,Lanzarote,201147.0
2015-04-01,Lanzarote,186940.0
2015-05-01,Lanzarote,185014.0
2015-06-01,Lanzarote,190862.0
2015-07-01,Lanzarote,225575.0
2015-08-01,Lanzarote,244270.0
2015-09-01,Lanzarote,203503.0
2015-10-01,Lanzarote,227608.0
2015-11-01,Lanzarote,198614.0
2015-12-01,Lanzarote,178943.0
2016-01-01,Lanzarote,186570.0
2016-02-01,Lanzarote,213096.0
2016-03-01,Lanzarote,238504.0
2016-04-01,Lanzarote,219509.0
2016-05-01,Lanzarote,205843.0
2016-06-01,Lanzarote,215364.0
2016-07-01,Lanzarote,250214.0
2016-08-01,Lanzarote,263741.0
2016-09-01,Lanzarote,229778.0
2016-10-01,Lanzarote,257286.0
2016-11-01,Lanzarote,218937.0
2016-12-01,Lanzarote,230991.0
2017-01-01,Lanzarote,209525.0
2017-02-01,Lanzarote,220334.0
2017-03-01,Lanzarote,238341.0
2017-04-01,Lanzarote,259727.0
2017-05-01,Lanzarote,227095.0
2017-06-01,Lanzarote,229679.0
2017-07-01,Lanzarote,283966.0
2017-08-01,Lanzarote,275710.0
2017-09-01,Lanzarote,242026.0
2017-10-01,Lanzarote,270464.0
2017-11-01,Lanzarote,239324.0
2017-12-01,Lanzarote,233167.0
2018-01-01,Lanzarote,193069.0
2018-02-01,Lanzarote,227473.0
2018-03-01,Lanzarote,271660.0
2018-04-01,Lanzarote,241597.0
2018-05-01,Lanzarote,240001.0
2018-06-01,Lanzarote,230435.0
2018-07-01,Lanzarote,255198.0
2018-08-01,Lanzarote,254222.0
2018-09-01,Lanzarote,244534.0
2018-10-01,Lanzarote,258800.0
2018-11-01,Lanzarote,228759.0
2018-12-01,Lanzarote,235525.0
2019-01-01,Lanzarote,216582.0
2019-02-01,Lanzarote,240120.0
2019-03-01,Lanzarote,268820.0
2019-04-01,Lanzarote,247078.0
2019-05-01,Lanzarote,227497.0
2019-06-01,Lanzarote,237192.0
2019-07-01,Lanzarote,266944.0
2019-08-01,Lanzarote,268515.0
2019-09-01,Lanzarote,233073.0
2019-10-01,Lanzarote,254273.0
2019-11-01,Lanzarote,220942.0
2019-12-01,Lanzarote,232001.0
2020-01-01,Lanzarote,187115.0
2020-02-01,Lanzarote,205272.0
2020-03-01,Lanzarote,93014.0
2020-06-01,Lanzarote,779.0
2020-07-01,Lanzarote,55748.0
2020-08-01,Lanzarote,66370.0
2020-09-01,Lanzarote,31992.0
2020-10-01,Lanzarote,39824.0
2020-11-01,Lanzarote,25073.0
2020-12-01,Lanzarote,34510.0
2021-01-01,Lanzarote,12061.0
2021-02-01,Lanzarote,9197.0
2021-03-01,Lanzarote,12776.0
2021-04-01,Lanzarote,16766.0
2021-05-01,Lanzarote,29479.0
2021-06-01,Lanzarote,47750.0
2021-07-01,Lanzarote,109421.0
2021-08-01,Lanzarote,169132.0
2021-09-01,Lanzarote,147973.0
2021-10-01,Lanzarote,212542.0
2021-11-01,Lanzarote,198616.0
2021-12-01,Lanzarote,157522.0
2022-01-01,Lanzarote,129725.0
2022-02-01,Lanzarote,190426.0
2022-03-01,Lanzarote,222779.0
2022-04-01,Lanzarote,233693.0
2022-05-01,Lanzarote,216062.0
2022-06-01,Lanzarote,227463.0
2022-07-01,Lanzarote,263551.0
2022-08-01,Lanzarote,274088.0
2022-09-01,Lanzarote,227757.0
2022-10-01,Lanzarote,264619.0
2022-11-01,Lanzarote,231471.0
2022-12-01,Lanzarote,252612.0
2023-01-01,Lanzarote,230186.0
2023-02-01,Lanzarote,241051.0
2023-03-01,Lanzarote,263839.0
2023-04-01,Lanzarote,254656.0
2023-05-01,Lanzarote,234260.0
2023-06-01,Lanzarote,238202.0
2023-07-01,Lanzarote,272568.0
2023-08-01,Lanzarote,270050.0
2023-09-01,Lanzarote,240643.0
2023-10-01,Lanzarote,274249.0
2023-11-01,Lanzarote,253657.0
2023-12-01,Lanzarote,275827.0
2024-01-01,Lanzarote,247454.0
2024-02-01,Lanzarote,280771.0
2024-03-01,Lanzarote,306790.0
2024-04-01,Lanzarote,256979.0
2024-05-01,Lanzarote,240391.0
2024-06-01,Lanzarote,246445.0
2024-07-01,Lanzarote,270502.0
2024-08-01,Lanzarote,282825.0
2024-09-01,Lanzarote,251178.0
2024-10-01,Lanzarote,289652.0
2024-11-01,Lanzarote,281100.0
2024-12-01,Lanzarote,283957.0
2025-01-01,Lanzarote,260361.0
2025-02-01,Lanzarote,280604.0
2025-03-01,Lanzarote,304313.0
2025-04-01,Lanzarote,273973.0
2025-05-01,Lanzarote,253552.0
2025-06-01,Lanzarote,253311.0
2025-07-01,Lanzarote,290641.0
2025-08-01,Lanzarote,293406.0
2025-09-01,Lanzarote,250608.0
2025-10-01,Lanzarote,290309.0
2025-11-01,Lanzarote,270206.0
2025-12-01,Lanzarote,271265.0
2026-01-01,Lanzarote,261469.0
2026-02-01,Lanzarote,282741.0
2026-03-01,Lanzarote,304944.0
2026-04-01,Lanzarote,259602.0
2026-05-01,Lanzarote,253705.0
2010-01-01,Tenerife,346190.0
2010-02-01,Tenerife,339103.0
2010-03-01,Tenerife,363797.0
2010-04-01,Tenerife,291423.0
2010-05-01,Tenerife,253441.0
2010-06-01,Tenerife,282219.0
2010-07-01,Tenerife,341077.0
2010-08-01,Tenerife,350056.0
2010-09-01,Tenerife,283470.0
2010-10-01,Tenerife,380084.0
2010-11-01,Tenerife,355860.0
2010-12-01,Tenerife,341703.0
2011-01-01,Tenerife,366407.0
2011-02-01,Tenerife,382765.0
2011-03-01,Tenerife,418057.0
2011-04-01,Tenerife,434903.0
2011-05-01,Tenerife,289895.0
2011-06-01,Tenerife,303428.0
2011-07-01,Tenerife,399774.0
2011-08-01,Tenerife,406593.0
2011-09-01,Tenerife,355083.0
2011-10-01,Tenerife,411114.0
2011-11-01,Tenerife,385545.0
2011-12-01,Tenerife,390913.0
2012-01-01,Tenerife,409528.0
2012-02-01,Tenerife,399349.0
2012-03-01,Tenerife,426899.0
2012-04-01,Tenerife,384782.0
2012-05-01,Tenerife,298963.0
2012-06-01,Tenerife,332593.0
2012-07-01,Tenerife,381665.0
2012-08-01,Tenerife,408038.0
2012-09-01,Tenerife,350137.0
2012-10-01,Tenerife,400924.0
2012-11-01,Tenerife,385062.0
2012-12-01,Tenerife,383125.0
2013-01-01,Tenerife,377919.0
2013-02-01,Tenerife,383378.0
2013-03-01,Tenerife,444036.0
2013-04-01,Tenerife,380282.0
2013-05-01,Tenerife,323260.0
2013-06-01,Tenerife,331167.0
2013-07-01,Tenerife,385081.0
2013-08-01,Tenerife,389277.0
2013-09-01,Tenerife,351310.0
2013-10-01,Tenerife,427273.0
2013-11-01,Tenerife,443430.0
2013-12-01,Tenerife,428460.0
2014-01-01,Tenerife,423249.0
2014-02-01,Tenerife,419704.0
2014-03-01,Tenerife,472553.0
2014-04-01,Tenerife,428803.0
2014-05-01,Tenerife,344727.0
2014-06-01,Tenerife,343033.0
2014-07-01,Tenerife,404620.0
2014-08-01,Tenerife,445555.0
2014-09-01,Tenerife,377176.0
2014-10-01,Tenerife,456785.0
2014-11-01,Tenerife,423134.0
2014-12-01,Tenerife,421385.0
2015-01-01,Tenerife,436756.0
2015-02-01,Tenerife,410277.0
2015-03-01,Tenerife,502009.0
2015-04-01,Tenerife,390009.0
2015-05-01,Tenerife,356142.0
2015-06-01,Tenerife,352637.0
2015-07-01,Tenerife,408174.0
2015-08-01,Tenerife,438939.0
2015-09-01,Tenerife,371597.0
2015-10-01,Tenerife,450108.0
2015-11-01,Tenerife,436327.0
2015-12-01,Tenerife,432744.0
2016-01-01,Tenerife,440697.0
2016-02-01,Tenerife,444575.0
2016-03-01,Tenerife,513686.0
2016-04-01,Tenerife,461705.0
2016-05-01,Tenerife,406407.0
2016-06-01,Tenerife,418289.0
2016-07-01,Tenerife,504794.0
2016-08-01,Tenerife,497269.0
2016-09-01,Tenerife,432745.0
2016-10-01,Tenerife,486146.0
2016-11-01,Tenerife,459255.0
2016-12-01,Tenerife,511093.0
2017-01-01,Tenerife,489761.0
2017-02-01,Tenerife,486977.0
2017-03-01,Tenerife,507329.0
2017-04-01,Tenerife,520447.0
2017-05-01,Tenerife,444265.0
2017-06-01,Tenerife,459482.0
2017-07-01,Tenerife,514217.0
2017-08-01,Tenerife,528599.0
2017-09-01,Tenerife,470816.0
2017-10-01,Tenerife,513363.0
2017-11-01,Tenerife,492374.0
2017-12-01,Tenerife,499885.0
2018-01-01,Tenerife,486530.0
2018-02-01,Tenerife,465028.0
2018-03-01,Tenerife,536412.0
2018-04-01,Tenerife,466075.0
2018-05-01,Tenerife,414977.0
2018-06-01,Tenerife,443399.0
2018-07-01,Tenerife,482026.0
2018-08-01,Tenerife,508080.0
2018-09-01,Tenerife,440766.0
2018-10-01,Tenerife,529415.0
2018-11-01,Tenerife,490605.0
2018-12-01,Tenerife,495742.0
2019-01-01,Tenerife,496161.0
2019-02-01,Tenerife,487639.0
2019-03-01,Tenerife,548887.0
2019-04-01,Tenerife,472718.0
2019-05-01,Tenerife,419102.0
2019-06-01,Tenerife,443349.0
2019-07-01,Tenerife,478381.0
2019-08-01,Tenerife,497962.0
2019-09-01,Tenerife,428893.0
2019-10-01,Tenerife,480464.0
2019-11-01,Tenerife,474596.0
2019-12-01,Tenerife,501010.0
2020-01-01,Tenerife,486262.0
2020-02-01,Tenerife,509502.0
2020-03-01,Tenerife,201152.0
2020-06-01,Tenerife,5686.0
2020-07-01,Tenerife,118442.0
2020-08-01,Tenerife,156489.0
2020-09-01,Tenerife,99438.0
2020-10-01,Tenerife,98751.0
2020-11-01,Tenerife,79478.0
2020-12-01,Tenerife,102210.0
2021-01-01,Tenerife,49730.0
2021-02-01,Tenerife,53529.0
2021-03-01,Tenerife,69141.0
2021-04-01,Tenerife,78191.0
2021-05-01,Tenerife,105156.0
2021-06-01,Tenerife,132665.0
2021-07-01,Tenerife,227913.0
2021-08-01,Tenerife,320904.0
2021-09-01,Tenerife,320876.0
2021-10-01,Tenerife,452310.0
2021-11-01,Tenerife,465336.0
2021-12-01,Tenerife,399311.0
2022-01-01,Tenerife,373106.0
2022-02-01,Tenerife,458416.0
2022-03-01,Tenerife,530882.0
2022-04-01,Tenerife,514154.0
2022-05-01,Tenerife,426483.0
2022-06-01,Tenerife,434852.0
2022-07-01,Tenerife,493557.0
2022-08-01,Tenerife,509853.0
2022-09-01,Tenerife,449571.0
2022-10-01,Tenerife,521223.0
2022-11-01,Tenerife,539165.0
2022-12-01,Tenerife,570381.0
2023-01-01,Tenerife,549234.0
2023-02-01,Tenerife,543163.0
2023-03-01,Tenerife,579747.0
2023-04-01,Tenerife,543355.0
2023-05-01,Tenerife,459509.0
2023-06-01,Tenerife,467963.0
2023-07-01,Tenerife,518815.0
2023-08-01,Tenerife,530209.0
2023-09-01,Tenerife,484965.0
2023-10-01,Tenerife,562744.0
2023-11-01,Tenerife,588032.0
2023-12-01,Tenerife,621623.0
2024-01-01,Tenerife,612169.0
2024-02-01,Tenerife,632295.0
2024-03-01,Tenerife,678693.0
2024-04-01,Tenerife,578602.0
2024-05-01,Tenerife,528408.0
2024-06-01,Tenerife,522461.0
2024-07-01,Tenerife,580512.0
2024-08-01,Tenerife,603529.0
2024-09-01,Tenerife,551175.0
2024-10-01,Tenerife,617714.0
2024-11-01,Tenerife,652800.0
2024-12-01,Tenerife,679245.0
2025-01-01,Tenerife,643460.0
2025-02-01,Tenerife,648255.0
2025-03-01,Tenerife,677688.0
2025-04-01,Tenerife,604370.0
2025-05-01,Tenerife,539410.0
2025-06-01,Tenerife,542881.0
2025-07-01,Tenerife,611623.0
2025-08-01,Tenerife,618578.0
2025-09-01,Tenerife,563261.0
2025-10-01,Tenerife,631662.0
2025-11-01,Tenerife,659656.0
2025-12-01,Tenerife,671202.0
2026-01-01,Tenerife,649614.0
2026-02-01,Tenerife,657396.0
2026-03-01,Tenerife,675573.0
2026-04-01,Tenerife,559459.0
2026-05-01,Tenerife,518359.0
